sheet,row,activity,source_file,width,height,role,quality_score,brightness,dark_fraction,blur_variance,entropy,sha256,phash,exact_duplicate_count,near_duplicate_group,near_duplicate_count
功能截图,1,修建+新的一天,image517.jpeg,752,1332,full_page_candidate,88.62,134.474,0.3801,1683.695,6.1256,86a192954bf9b3fc960481e45bc71d0f73b1125879e2d15bcf7423f0d205efd2,1b28a0b6968e8a82,1,功能截图:1:1,1
功能截图,1,修建+新的一天,image518.jpeg,748,1332,full_page_candidate,85.79,183.223,0.0,842.481,7.2466,d7d0ddc184e0f1b857fc8632f0677ecd5ad3f09fdb40dad8d89b6ed26adff093,e094e4c4cb730ec4,1,功能截图:1:2,1
功能截图,1,修建+新的一天,image519.jpeg,750,1340,full_page_candidate,91.82,148.363,0.0046,3866.289,7.0811,9b8fc2e878494ed5ec09e8377d940aeae930d1521266e1566bf288b777d13bce,c50d38dd25d89232,1,功能截图:1:3,2
功能截图,1,修建+新的一天,image520.jpeg,748,1334,full_page_candidate,92.35,144.893,0.0106,4084.748,7.1291,7e8c123f2a46c917b25d5817ed367cfc6a23c0c452c335cc667169a3dc89299c,450d385935d89232,1,功能截图:1:3,2
功能截图,1,修建+新的一天,image521.jpeg,746,1334,full_page_candidate,86.7,176.024,0.176,2761.579,6.7675,418595f1d20dce278cecceee2eaf4a7e700326cb574a93762f76a64de06bb7de,b2a292aabaaaaa96,1,功能截图:1:5,2
功能截图,1,修建+新的一天,image522.jpeg,750,1334,full_page_candidate,88.0,170.14,0.1779,3001.046,6.9111,b104ea3ef9a7d8b569e6dd52b4e9b01ca811e78de46ddd0eca35558396e90d45,b2b29eaab2aaaa96,1,功能截图:1:5,2
功能截图,2,成长大礼包,image523.jpeg,124,116,thumbnail_or_crop,18.06,169.285,0.0041,20.739,7.539,b132e09fc17864dc17873432387d87e2a1e8ca5049bd77507f41d1f7dc3ed25b,d093e1e9cdc9d573,1,功能截图:2:1,1
功能截图,2,成长大礼包,image524.jpeg,746,1334,full_page_candidate,80.59,192.154,0.0,878.056,5.4102,53d5330c18fdd1c2841c0fb6bbbe82a7265bde3eba3aa16138efaad9e414998e,860b708e1b59d001,1,功能截图:2:2,1
功能截图,2,成长大礼包,image525.jpeg,748,1332,full_page_candidate,77.83,205.366,0.0,621.176,5.5888,694130fb1c0ed6ebabd01453d8e8335cc1d0e73480a0a7521e931acb7c0f8a2b,8e0b70c8b2d0e026,1,功能截图:2:3,1
功能截图,2,成长大礼包,image526.jpeg,746,1328,full_page_candidate,81.15,194.151,0.0,999.116,5.6572,b33fa61ee4a3a9577cd8a2578e4dc65b072914401a9711a95bf2478e976deeba,8a2f72b9335bc801,1,功能截图:2:4,1
功能截图,2,成长大礼包,image527.jpeg,748,1332,overlay_or_dimmed,51.77,52.278,0.7106,806.324,5.6781,333c36f1394766de9bf5132dc1627a5e7464243e0a1e4c8541ecf969a948dd00,03f0d468e9f16807,1,功能截图:2:5,1
功能截图,2,成长大礼包,image528.jpeg,746,1326,full_page_candidate,88.23,127.653,0.3171,1815.271,6.5149,8b773ab5d47211559d2611a52ed5d6c54ab3be39199d2efa8a804fe139eb41f9,d9ec8e32528a86d3,1,功能截图:2:6,1
功能截图,3,发射器店铺,image529.jpeg,142,126,thumbnail_or_crop,16.45,161.659,0.0245,7.722,7.3488,bdee42de3e653a6363ba2fe058212444f790849c1c6d51fee48d9ff644a2291f,9b9b2b270b2b378d,1,功能截图:3:1,1
功能截图,3,发射器店铺,image530.jpeg,740,1546,overlay_or_dimmed,63.44,106.028,0.5134,1115.313,5.8695,6a35dd34ff7f8df6c53585e65f61623c974bb5b5d9aa541ad20e8f6b80184704,ce71c88ebaaa923a,1,功能截图:3:2,1
功能截图,3,发射器店铺,image531.jpeg,844,1834,overlay_or_dimmed,60.83,66.708,0.5426,2485.141,6.0335,8ec141e73906131cce9874e015cb0c4940d2e59796d595b7b205050dab6b1443,e67179f160716868,1,功能截图:3:3,1
功能截图,3,发射器店铺,image532.jpeg,844,1834,overlay_or_dimmed,65.1,98.739,0.5137,924.775,5.9319,27b8bf8ed04d28b66966aba559ce88a1ce7c3f1a2482220b5c3259d3e745b3d8,ca2be8aee2b65d64,1,功能截图:3:4,1
功能截图,3,发射器店铺,image533.jpeg,844,1834,overlay_or_dimmed,63.49,92.356,0.5547,866.078,5.746,2edd01b34c3e1f048f1af098ae1604d823939f29f2883c695c9fbcb8f1f02f2a,ea63ea8c8eb23ab8,1,功能截图:3:5,1
功能截图,3,发射器店铺,image534.jpeg,674,182,thumbnail_or_crop,36.87,172.305,0.0019,720.859,6.7456,30d2e5fc44c00f3e21ce740cc82316758fef64c40864483c1a0a9156eda89c26,79c68ea32323342b,1,功能截图:3:6,1
功能截图,3,发射器店铺,image535.jpeg,844,1834,overlay_or_dimmed,54.09,38.655,0.7476,763.235,5.4631,a65d8498d11f8d0ba404b8ecbc9966e53546d542408f565dc62370053fff2c13,726ff2b0d1f1b292,1,功能截图:3:7,1
功能截图,3,发射器店铺,image536.jpeg,506,1100,thumbnail_or_crop,40.47,197.455,0.0002,3173.125,6.942,36e255241e47d0000b9a343baa1b8cd6cb6e2426a45445b1ff591ff5dda3c074,e425328ccf294c74,1,功能截图:3:8,1
活动截图,1,1v1 match1_1,image1.jpeg,210,188,thumbnail_or_crop,15.35,188.581,0.0001,14.585,7.1396,88acc210e8d3b0a37a90a1403aafe2c814a809e01db24f2afaf661929e2bfcb5,0e123dcd8f838aab,1,活动截图:1:1,1
活动截图,1,1v1 match1_1,image2.jpeg,168,162,thumbnail_or_crop,20.72,173.179,0.0005,52.687,7.1525,1098987003d5215afffaebff59b5e615e400834eab0d6955ffb6a1b916f486ca,26d3d263ede5fe4d,1,活动截图:1:2,1
活动截图,1,1v1 match1_1,image3.jpeg,142,184,thumbnail_or_crop,21.18,178.386,0.0046,81.634,7.221,2687c19e3b33380398f7e0ae422a487439703b893d9ffd72a33bdef1c9efa1da,9d1d23c909647c3e,1,活动截图:1:3,1
活动截图,1,1v1 match1_1,image4.jpeg,976,1734,full_page_candidate,97.15,160.71,0.127,1271.152,7.3184,2b15618b80e96757a15144bc0875c01ba24d4fee361826bb176388f7cd65deb1,f038d8d9f2979e86,1,活动截图:1:4,1
活动截图,1,1v1 match1_1,image5.jpeg,982,1746,full_page_candidate,86.79,73.238,0.4205,1990.392,6.5725,ba3a6212f3dbb63c0013836689d7228e7092372f2cc4e2bddbdfb93b318aff4d,3371e9e9606960e9,1,活动截图:1:5,1
活动截图,1,1v1 match1_1,image6.jpeg,962,1728,overlay_or_dimmed,57.05,52.516,0.6037,491.735,5.6435,93676761433cde9f09af73e0947836edff977152e5e5c209bfcd4a496d5ba8f9,0f3ca7613bdaf09f,1,活动截图:1:6,1
活动截图,1,1v1 match1_1,image7.jpeg,970,1740,full_page_candidate,96.63,163.96,0.0414,2057.071,7.3118,5ced6aa877364d90f546007abc5d96d306bc664329f6220e3e296f6967fb6724,f0f0e996e1b18786,1,活动截图:1:7,1
活动截图,1,1v1 match1_1,image8.jpeg,968,1742,full_page_candidate,89.8,200.682,0.0011,2510.867,6.8028,cd0d02563d840ba98b833b2a3a08ed7a478e586628e09b01004f87ec926c1896,f1b9607623adb1dc,1,活动截图:1:8,1
活动截图,1,1v1 match1_1,image9.jpeg,976,1732,full_page_candidate,96.91,162.609,0.0223,2019.815,7.3439,4df1f32f8b9c759cfffc038997ba9cfaafa4a50fa88900265c126fc1afcc7ab9,f480b292f0e88f86,1,活动截图:1:9,1
活动截图,1,1v1 match1_1,image10.jpeg,970,1728,overlay_or_dimmed,59.92,59.314,0.4734,521.964,6.4038,e50109102cf982ca795cc8ddf24636d5d3b6fbeea51ec2d59f6c8f77233d3301,f0cc33b27171f0b0,1,活动截图:1:10,1
活动截图,1,1v1 match1_1,image11.jpeg,964,1730,full_page_candidate,94.35,130.881,0.0189,1090.22,5.8955,d2c0b2b6e5768d04b580a3a9af002b09941402bf688ce068dd0a468eec2c5ef7,f055414c5bdb8786,1,活动截图:1:11,1
活动截图,1,1v1 match1_1,image12.jpeg,978,1738,full_page_candidate,96.82,161.028,0.1299,1081.133,7.2054,1e632d1b9fcf6071265de88df62973781b8eebe07d3d4e649c4ebe157c38e377,f08dcec682948686,1,活动截图:1:12,2
活动截图,1,1v1 match1_1,image13.jpeg,980,1734,full_page_candidate,97.09,159.987,0.078,1081.108,7.2562,7213dfb2a2ace946a648a6f1cd02a5de29a819fece9d2327056a04de2b332bda,f08dcec6829686c6,1,活动截图:1:12,2
活动截图,2,阿秋pass,image14.jpeg,388,436,thumbnail_or_crop,22.74,165.201,0.0182,16.245,6.2409,0afea09152667ddbac0faca1e99855286709791dfa60f44ef39b3e7c47b5f807,695a99292bbc17c2,1,活动截图:2:1,1
活动截图,2,阿秋pass,image15.jpeg,154,150,thumbnail_or_crop,22.35,155.053,0.0015,35.031,7.3369,d3a858199a2a643eae19e5227b2b031c2530a6fb0688c3e7e9d292ba5ec90456,ccd2f2e8a6e454c4,1,活动截图:2:2,1
活动截图,2,阿秋pass,image16.jpeg,158,182,thumbnail_or_crop,23.04,171.819,0.0016,88.055,7.387,679e6f998f7a807ad95a8641657bdd05c2de0a5e1950fd3ad8b82a32e94a77d3,3d2e2a29d90c1f51,1,活动截图:2:3,1
活动截图,2,阿秋pass,image17.jpeg,798,1732,full_page_candidate,91.2,115.72,0.4084,1719.379,6.7219,cfa8e3dcc5fca2dbdb0318dc62faba9c4ffa0586825d9b5c5a870b7ddc8230d7,0373a8ac8e8ed810,1,活动截图:2:4,1
活动截图,2,阿秋pass,image18.jpeg,792,1740,full_page_candidate,94.76,149.462,0.2489,2224.886,6.6207,7206a10e5d92aaa897321130a3846ebfdcb666a9d24908a2d3d482e2bddf3427,c0c88a8686e6921b,1,活动截图:2:5,1
活动截图,2,阿秋pass,image19.jpeg,794,1730,full_page_candidate,95.15,151.191,0.2463,2486.651,6.9105,724facb61c192225449c0c2fcb68551cc5471d22b33fd7417e4ce3107c3e7f26,e0cc8aaaa4e69a19,1,活动截图:2:6,1
活动截图,2,阿秋pass,image20.jpeg,786,1732,full_page_candidate,95.18,150.497,0.2444,2420.0,6.9405,b80b6dc8816760ef0b4037181a62c395fd03fc86288634ccb3e962a5dce48be9,c0cc8a868eaa9a13,1,活动截图:2:7,1
活动截图,2,阿秋pass,image21.jpeg,828,1472,full_page_candidate,92.88,154.845,0.001,2669.923,6.852,36f6b86984afecd0adca6efc51ced9a03fca10a19e23783fa3b3084b72b6ef1b,a5279a9a9a9abab0,1,活动截图:2:8,1
活动截图,2,阿秋pass,image22.jpeg,828,1448,full_page_candidate,89.42,122.537,0.4165,1517.851,6.2613,33a9466bc5322fe51805d00e0e0aef00f6277a6d133a218b9af44418b8ed0dc6,27e0f0b8869e8e31,1,活动截图:2:9,1
活动截图,2,阿秋pass,image23.jpeg,794,1740,full_page_candidate,91.01,120.023,0.3966,1555.952,6.3507,f1f923f82611f7bcdcab9127fe8fe1352ee038a5266af837a19e769f112c7527,33f8d4ccccccd0f0,1,活动截图:2:10,1
活动截图,2,阿秋pass,image24.jpeg,796,1420,full_page_candidate,90.4,146.138,0.2258,1466.203,5.5347,e528903ea5eebbb81f21ae9d19efe8e8d13d94c62ea7328c1105a0641c06352e,65ec94aeaea2925c,1,活动截图:2:11,1
活动截图,3,神灯pass,image25.jpeg,156,148,thumbnail_or_crop,21.09,162.007,0.0008,39.407,7.0816,14f4ff0565b9ed2ed5628b1e5a20d2c989a9f461c2205726f096c2efdd58e2e3,c696d333b09ef493,1,活动截图:3:1,1
活动截图,3,神灯pass,image26.jpeg,190,162,thumbnail_or_crop,24.18,164.633,0.0017,84.886,7.2812,eead59240628384d73d70db9862025f0aba4fbb58430a891a022bd0e80f6b71d,26e26836de6af4c2,1,活动截图:3:2,1
活动截图,3,神灯pass,image27.jpeg,156,196,thumbnail_or_crop,18.6,167.468,0.0075,16.802,7.3119,40ddd393c21581e05a3436fac35b8afa909fcbe13684353d0961be4e1aeb9b1f,1978f4b7554e5b19,1,活动截图:3:3,1
活动截图,3,神灯pass,image28.jpeg,152,194,thumbnail_or_crop,22.68,168.839,0.001,72.06,7.2853,8fe6b87eef0a18e977ef22b190fc4f6cfcafc6576e5a5709bcf6eeeceee8b4e0,54b3a713b2879768,1,活动截图:3:4,1
活动截图,3,神灯pass,image29.jpeg,794,1448,full_page_candidate,90.58,133.056,0.3545,1544.068,6.3021,bc6bc4442fd58fe0a3720826741b5d511932c0225bce5986b13d0de1d398447f,33f0a8a2b2dc9632,1,活动截图:3:5,1
活动截图,3,神灯pass,image30.jpeg,806,1456,full_page_candidate,92.43,153.797,0.0622,2190.817,6.8118,bda2b6f97ebf2d0eaaaa5a504316d4908ecb0ea3e16c4786d81fd0513552a526,92964bcccccccc86,1,活动截图:3:6,1
活动截图,3,神灯pass,image31.jpeg,782,1450,full_page_candidate,91.38,135.071,0.2098,2726.53,6.6192,47be4300cb4cc0a1942042dc8c50a5145ef121f9cc559a32097d03c41df49a99,96e8fab2aa8a968e,1,活动截图:3:7,1
活动截图,3,神灯pass,image32.jpeg,830,1452,full_page_candidate,90.19,164.671,0.2214,2351.311,6.3877,2878acf373b79db51829feb4ea0586daff85a7800d017353826db88789c90d46,32e08eb2aa8a8aa2,1,活动截图:3:8,1
活动截图,3,神灯pass,image33.jpeg,838,1464,full_page_candidate,85.88,199.083,0.0027,3476.07,6.7754,820dab379e7be08bc708ca9c08dafe52bcfa5084d0505dfdc931f4e7d0f89820,5e36328acacacad4,1,活动截图:3:9,1
活动截图,3,神灯pass,image34.jpeg,828,1476,full_page_candidate,87.98,189.491,0.0048,5480.736,7.0794,a7dd3f8599c879b903d3ee0c1e10d89f14cf1dea123e9b8d959e778b0a86d897,d9f1678bebe9e9dc,1,活动截图:3:10,1
活动截图,3,神灯pass,image35.jpeg,822,1472,full_page_candidate,88.16,188.624,0.0045,5704.272,7.1677,8e87ed3ad7d806e1c42b234a30aaada58d78cb26d8222fa42b338e95d6822875,d3d6668be9c9cbf8,1,活动截图:3:11,1
活动截图,3,神灯pass,image36.jpeg,792,1450,full_page_candidate,81.98,147.305,0.281,1123.385,5.322,2765afd4f0008fd600ce40ebd98e0625252de7efdb80e6beccfb0bf1d378e92f,49e8e2aaaea2ca5d,1,活动截图:3:12,1
活动截图,3,神灯pass,image37.jpeg,968,1724,full_page_candidate,93.83,148.674,0.1368,628.06,5.697,c4ed41fa8814c93984a39ede18cd9f3aa2c715f07b5ace252f0359563acfaa1f,59ec90aaaea2d254,1,活动截图:3:13,1
活动截图,3,神灯pass,image38.jpeg,968,1730,full_page_candidate,93.66,119.068,0.2052,1096.199,6.4317,ee525788b102e934119ba34dfcb52b3ab0866023859ffb5e61e422d28b54a287,8ec2c7a88a918e8e,1,活动截图:3:14,1
活动截图,3,神灯pass,image39.jpeg,972,1724,full_page_candidate,93.6,122.895,0.207,1404.918,6.123,e2f3dca901c74559ca25831320d338952b0b1b2bf8a3e38abb598b49c2bafd1b,96e8faf0b3b38a8a,1,活动截图:3:15,1
活动截图,4,MP,image40.jpeg,186,142,thumbnail_or_crop,22.94,170.06,0.0023,79.129,7.3191,97bab95de16a538bbead0e7b1cf930446307324e9c83111ee25cecc91cd56bf2,fc99b3a3a79ea6ac,1,活动截图:4:1,1
活动截图,4,MP,image41.jpeg,154,164,thumbnail_or_crop,19.68,178.839,0.0034,51.271,7.2221,8929bedbb8f020b4ddaaed199b28e7c3ddbd3c85a6777334988e91cb931ad4d2,70cc483723273331,1,活动截图:4:2,1
活动截图,4,MP,image42.jpeg,362,152,thumbnail_or_crop,32.45,171.182,0.0029,609.857,7.4352,cea766e632446b7bd5d77b3786c91d2abf1540b45d16fae419e64aa3d84def14,d1591815b874a3d3,1,活动截图:4:3,1
活动截图,4,MP,image43.jpeg,784,1728,full_page_candidate,90.56,113.426,0.4129,1612.631,6.7029,39877773c7d927842f643cce445e935d2f6a272b3a737fbea4c2812550de33d8,0373e8ec868ed810,1,活动截图:4:4,1
活动截图,4,MP,image44.jpeg,792,1728,full_page_candidate,93.29,160.755,0.2014,2407.593,6.7581,048f7053d4bea39a5f946d84ddf03c8a000d4e7c8887281966fbe319a139e14b,c4ccae86a6e6921f,1,活动截图:4:5,1
活动截图,4,MP,image45.jpeg,800,1718,full_page_candidate,93.6,160.397,0.2292,2529.093,6.8139,6530c9ff33ddfd9c22f27f1d221c913f97bcc4a68945a7bab5181fac4fb6f11f,eccc8ab2a6e68a19,1,活动截图:4:6,1
活动截图,4,MP,image46.jpeg,806,1734,full_page_candidate,94.64,156.056,0.2398,2583.836,6.9356,709c6c9f54cf1671ecb2c4aa3086c70ca710ebf36e565d5c1c7b58b36b83272b,e4c88e86aaae861b,1,活动截图:4:7,1
活动截图,4,MP,image47.jpeg,796,1722,overlay_or_dimmed,56.18,48.4,0.6544,740.269,6.1541,f591a812bcb702f2fd2a30d1b4da71cf14124228d403d78b1a40c419bfb354e7,64e0d8b0f0f9ba38,1,活动截图:4:8,1
活动截图,4,MP,image48.jpeg,790,1732,full_page_candidate,94.42,154.308,0.0058,2802.539,6.8323,8d1c9bc9319d677b56f54508d072b6a58b989262ff153a104293e763d0ca86fb,e4e29a9a9a9ababa,1,活动截图:4:9,1
活动截图,4,MP,image49.jpeg,800,1740,full_page_candidate,86.98,98.987,0.2238,881.822,6.278,94e7f73c922c882822f618432c4f0ba2b0e7ee72848efb5181f5c31994d1a167,e4a39ac892929ab8,1,活动截图:4:10,1
活动截图,4,MP,image50.jpeg,818,1466,full_page_candidate,88.73,122.178,0.4422,1641.035,5.9655,09805fb864ce95e6f1921a724c244e86c8e7fc16ce603399f88ad2bcff01a377,13e0f0a8969e9e31,1,活动截图:4:11,1
活动截图,4,MP,image51.jpeg,816,1722,full_page_candidate,93.05,139.104,0.3516,997.63,5.8685,f83773e0a4325b6cfb2b4dd9614e457f0bf3971ad38a65a0ee6d4a18b43e25b4,69f4d4bab28ccc33,1,活动截图:4:12,1
活动截图,5,健身房冲刺 gymSprint1,image52.jpeg,148,168,thumbnail_or_crop,22.95,160.283,0.0042,54.018,7.3474,e749858bc145da1340bd8d5b9dc89d8c25658e321a82998b6dc926711e63f033,793e7559593c30e8,1,活动截图:5:1,1
活动截图,5,健身房冲刺 gymSprint1,image53.jpeg,976,1732,full_page_candidate,95.99,165.086,0.1706,1628.941,7.0962,37a59ffc144d453171592d0044156566931a784c21eeeea7cc0c243639ab2be4,e8e08ed89ef6869e,1,活动截图:5:2,1
活动截图,5,健身房冲刺 gymSprint1,image54.jpeg,800,1480,full_page_candidate,88.43,185.79,0.0048,4962.134,7.223,219e2681b8c6b4f72ba6c73411cb2ceeb1a38cbe7ef9c21c14dcf1501b546078,c60e75d4e8e46acc,1,活动截图:5:3,1
活动截图,5,健身房冲刺 gymSprint1,image55.jpeg,824,1434,full_page_candidate,87.73,181.736,0.0582,2798.072,6.6103,8bb66226e99c05a92ab152d413dd58c1e62dda240cd17bb98ef6abdfc581fb03,d4d68ebaadacad8c,1,活动截图:5:4,1
活动截图,6,"装饰币狂欢
gymSprint2",image56.jpeg,144,154,thumbnail_or_crop,18.29,174.222,0.0008,43.89,6.58,cd8393da0b37a16794fa48284c646444a9fc4532c5db502340fb2332d32cf406,1366d87868741091,1,活动截图:6:1,1
活动截图,6,"装饰币狂欢
gymSprint2",image57.jpeg,814,1448,full_page_candidate,91.76,162.187,0.2193,2643.289,7.0841,1e5644f4c7c6889db96da3ab5ab28985cdaa8725f92589b6b438b6126d9e24cf,f0e8a2e88ed68e8e,1,活动截图:6:2,1
活动截图,6,"装饰币狂欢
gymSprint2",image58.jpeg,834,1460,full_page_candidate,87.19,192.168,0.0051,4437.65,6.9319,2b97ad7af77e0f98a9ef95194197f6310463e45fe01aad6772c7d87369f7b2c0,86f3a78babcfd6d4,1,活动截图:6:3,1
活动截图,6,"装饰币狂欢
gymSprint2",image59.jpeg,820,1474,full_page_candidate,88.59,178.852,0.0669,2914.358,6.6605,28e044f1acff4adc21ee1ba5e6cd18c882271521d75040fa62330c3363070bb2,d494bae9a8a9cc8e,1,活动截图:6:4,1
活动截图,7,泳池漂流gymSprint3,image60.jpeg,164,164,thumbnail_or_crop,20.53,164.344,0.0009,45.315,6.6553,4ab17bc76f32e92d4def8b109abe4360f2a381c05cda6bf623a9080a34c7f5fb,a01af9b19907b4d3,1,活动截图:7:1,1
活动截图,7,泳池漂流gymSprint3,image61.jpeg,176,176,thumbnail_or_crop,24.82,156.1,0.0099,60.933,7.4833,82f9bae016d42e2e79999a4faa65bdb29f78d012253a1e72542cb8568b11dfa5,4f0633094b872727,1,活动截图:7:2,1
活动截图,7,泳池漂流gymSprint3,image62.jpeg,818,1462,full_page_candidate,93.01,161.128,0.0663,3126.835,7.5842,269054c168783356724236136c077323d5ea50a2f2e564c38cbfd9ab9df98bcf,e16de8909ba4b4d2,1,活动截图:7:3,1
活动截图,7,泳池漂流gymSprint3,image63.jpeg,826,1440,full_page_candidate,87.91,181.223,0.0576,2779.152,6.6173,37856ac1f342eaac541f4a21f76627333ae38674772d0d4673f1c2e8383ed6a3,d4d4a4e8aca98eaa,1,活动截图:7:4,1
活动截图,8,阿秋超急送gymSprint4,image64.jpeg,180,174,thumbnail_or_crop,23.32,158.65,0.0018,72.877,6.6865,f5928da71b67c53976cc52989402fa33f0b227b39801373d88cadc2f854f9abb,d0ea6bd68713fcc3,1,活动截图:8:1,1
活动截图,8,阿秋超急送gymSprint4,image65.jpeg,820,1478,full_page_candidate,91.76,169.019,0.0059,3924.32,7.4033,85d45d731fd73cf8d369917b3154c3561918bfa5316c5adfa9c31aff105504f4,d6e2a38ca9cfd29a,1,活动截图:8:2,1
活动截图,8,阿秋超急送gymSprint4,image66.jpeg,808,1454,full_page_candidate,92.8,157.557,0.1904,2849.382,7.2545,9e3b1ac2976149b9821f2ec2109bb626554f0fa307f526d8cc7fcaa994745960,f0c893b3a254868e,1,活动截图:8:3,1
活动截图,8,阿秋超急送gymSprint4,image67.jpeg,814,1462,full_page_candidate,87.51,183.802,0.0368,3038.386,6.6163,55cb2c6d2bff39e4111c0c823633f9f81874ceb93507e910f6c1e197cbae2a6d,d496b46cada9ccaa,1,活动截图:8:4,1
活动截图,9,盲盒冲刺gymSprint5,image68.jpeg,186,142,thumbnail_or_crop,24.26,159.098,0.0015,74.603,7.2181,fc9a8bbff371b55af971e448619a09dea5a5b559396849ea94dd5a95cbad77e0,2292f02a9a06249a,1,活动截图:9:1,1
活动截图,9,盲盒冲刺gymSprint5,image69.jpeg,168,208,thumbnail_or_crop,23.4,176.233,0.0123,106.304,7.411,ec91dafe173046a28b0eef983de3e25877e2408aa15fa08a7956ab1d5f532203,273379f4560f1721,1,活动截图:9:2,1
活动截图,9,盲盒冲刺gymSprint5,image70.jpeg,826,1458,full_page_candidate,93.13,160.84,0.0675,2616.445,7.4863,943e8dfa2ef7ef30eca2a284a802cd1abe49de03c60043aff4f792cbbf1bf233,dcaaec8e8fceb457,1,活动截图:9:3,1
活动截图,9,盲盒冲刺gymSprint5,image71.jpeg,812,1432,full_page_candidate,87.18,183.426,0.0561,2834.448,6.5814,7e86dfbd8b220d1d88c7093d83e34442628adfa5649f712108450177c7cd7663,d4d6a4adadad8caa,1,活动截图:9:4,1
活动截图,10,"弹珠机
pinball102",image72.jpeg,164,156,thumbnail_or_crop,23.52,153.453,0.0017,48.462,7.1967,51c1dc58411ca7b07b76cc71232f068a289c3d5ed4b00cfdebafaae2cb89ba6a,c686c6268c8cb402,1,活动截图:10:1,1
活动截图,10,"弹珠机
pinball102",image73.jpeg,166,198,thumbnail_or_crop,24.91,167.6,0.0006,132.536,7.2231,209c617068aa8dea8cde8a6aba601081a9b734ff9b79fe1a2e0aea2ea4fb0649,706393d796c6b14b,1,活动截图:10:2,1
活动截图,10,"弹珠机
pinball102",image74.jpeg,196,176,thumbnail_or_crop,23.45,176.846,0.0054,109.992,7.3501,2e28dd149099fd41f54417760237834dd0c7558f4fe60aa65e999af5e9b0a293,0717962c311e0e02,1,活动截图:10:3,1
活动截图,10,"弹珠机
pinball102",image75.jpeg,984,1736,full_page_candidate,98.49,141.157,0.0033,1698.902,7.0765,ab0c7779ab1a673ff9bbf73278a0e2ec4d61a3aef5810fdaa208bc669a938f05,f09686330a0aa6a4,1,活动截图:10:4,1
活动截图,10,"弹珠机
pinball102",image76.jpeg,832,1452,full_page_candidate,83.16,86.839,0.3161,840.313,6.2898,2f42335424caf9b7f3d32bc0efcc5d470e9aaa0b9e230bd77540125a4216adc4,f096d4f4b4b4f4c4,1,活动截图:10:5,1
活动截图,10,"弹珠机
pinball102",image77.jpeg,970,1744,overlay_or_dimmed,63.18,63.868,0.6296,2166.379,6.5061,0e8e54a485d89ba44f114a389845a88fea8055ce263353086c74138735727fa2,b2f0f1e9726968f9,1,活动截图:10:6,1
活动截图,11,"负重赛跑
weightRace",image78.jpeg,176,228,thumbnail_or_crop,17.07,186.215,0.0,24.205,7.1594,9b2ab310860a2b7e6adab1d63a9d6a381ad76f5293a0d3778aa9ce4e7a787314,71163221c9031ad1,1,活动截图:11:1,1
活动截图,11,"负重赛跑
weightRace",image79.jpeg,180,174,thumbnail_or_crop,22.73,154.423,0.0014,64.131,6.2881,a986a99db134fa7227bae0a58e324a829babe0e8bc400872826bb19b4378127d,205061ad2db6ddc2,1,活动截图:11:2,1
活动截图,11,"负重赛跑
weightRace",image80.jpeg,600,204,thumbnail_or_crop,36.87,182.356,0.0061,2798.292,7.3557,212304c116cdc091158410527a4a43e1ac7b30d92eefbd93c3036cfc7630fa95,7373ea4ae66c66d1,1,活动截图:11:3,1
活动截图,11,"负重赛跑
weightRace",image81.jpeg,824,1456,full_page_candidate,93.11,132.86,0.235,2343.228,7.2335,b7c16245852dfcc9485ab56587b1547fbf5e91f513b69735fb864efe9dbb5d0a,e4fae6d6a2c6d8b6,1,活动截图:11:4,1
活动截图,11,"负重赛跑
weightRace",image82.jpeg,832,1468,full_page_candidate,92.13,123.246,0.0977,2650.483,7.364,08b8568c66fefcc7036960fa628b9fce6f5875150c6765e2a6fb647a6c7dd5c9,e496b037337396b2,1,活动截图:11:5,1
活动截图,11,"负重赛跑
weightRace",image83.jpeg,818,1456,overlay_or_dimmed,57.99,60.119,0.6769,2792.113,6.4648,0e9ca519540756ca6081b79bec9089da42be5711266461f77cd2ef7225b0cd8a,1268e1f970717169,1,活动截图:11:6,1
活动截图,11,"负重赛跑
weightRace",image84.jpeg,814,1472,full_page_candidate,87.77,100.358,0.2349,1961.125,7.1235,657420a83592387045dcdc80980001630804d96ea9b54cadd6a23c101150e5d7,e4f2f2d0f4b4b48a,1,活动截图:11:7,1
活动截图,11,"负重赛跑
weightRace",image85.jpeg,814,1450,full_page_candidate,94.85,142.472,0.0668,3305.615,7.4482,69d7e4eede5081cffabe264a8d1ca1cc9a6255a2dfa624db8292f3edd4452be5,e486b18996279290,1,活动截图:11:8,1
活动截图,11,"负重赛跑
weightRace",image86.jpeg,972,1726,full_page_candidate,98.89,150.629,0.0351,2006.161,7.3906,1099e2fb3b7c8372620a4f3dd9c212acb5bae08fa4346aafdb38c63cf43f6d37,e496b10b369f9692,1,活动截图:11:9,1
活动截图,11,"负重赛跑
weightRace",image87.jpeg,810,1474,overlay_or_dimmed,56.65,57.868,0.6248,832.834,6.3923,e7175190ea5adeb91f54248a6c1746c3ce4caf837a662be5d168dfc85adb006f,13f0d469e8712886,1,活动截图:11:10,1
活动截图,11,"负重赛跑
weightRace",image88.jpeg,858,1488,full_page_candidate,91.94,118.617,0.0806,2607.403,7.3172,fda0afccbe6794e672cf9fdd71468cca5f08c7182818777fac9e842f09fe9d0b,e484b0b733299682,1,活动截图:11:11,1
活动截图,11,"负重赛跑
weightRace",image89.jpeg,970,1746,full_page_candidate,89.45,89.91,0.2671,1466.63,6.5943,474894dd3d16984e9e128c70582f5037be7f7d33e9e4e2c82358babdfc30b8ea,e0ec90b2b2a2d4e8,1,活动截图:11:12,1
活动截图,11,"负重赛跑
weightRace",image90.jpeg,818,1472,full_page_candidate,75.46,197.67,0.0774,2006.804,5.6598,c17837dea7c5e7092e14b12be2ae22157284e6672f11b01faf3198ae0c853e1b,a28c69bebea2bebe,1,活动截图:11:13,1
活动截图,11,"负重赛跑
weightRace",image91.jpeg,844,1494,full_page_candidate,76.29,193.32,0.0847,1575.624,5.4247,5feb7d4fdaa76adec7b5c77006728d38e35506de8e78a0dead6d2d72840fbc0f,ba8ee9beaea280a2,1,活动截图:11:14,1
活动截图,11,"负重赛跑
weightRace",image92.jpeg,980,1736,full_page_candidate,97.68,132.234,0.0997,1496.878,7.3499,bf578d9743498eb9ab83a03bbd10a3c8e9d942472d04c77fe1e78b522edccca1,e4f082c4b53386d0,1,活动截图:11:15,1
活动截图,11,"负重赛跑
weightRace",image93.jpeg,978,1740,full_page_candidate,97.89,133.367,0.0976,1760.53,7.3655,0d7ec26dd551b972905a6ab6c884823e335f4eace07308a8271bd716b7c72be2,e4f082c4a5ab86d8,1,活动截图:11:16,1
活动截图,12,火焰排行/铁锅炖大鹅fireRank,image94.jpeg,162,180,thumbnail_or_crop,20.93,167.748,0.0056,71.447,6.3775,2c1aab568fd72d2fb347fd8d3f43cfe97a00388c9c0369cdbeb5d961189ddccd,6fb36c999b4a6490,1,活动截图:12:1,1
活动截图,12,火焰排行/铁锅炖大鹅fireRank,image95.jpeg,166,220,thumbnail_or_crop,25.77,153.319,0.0056,141.673,6.3826,ddb92f71f37ff87caace4aafc7aef3967b20eb94b927f50783c5dbf929d5593d,4a6ab6f8d9cb7498,1,活动截图:12:2,1
活动截图,12,火焰排行/铁锅炖大鹅fireRank,image96.jpeg,192,210,thumbnail_or_crop,21.85,159.922,0.0141,22.99,7.4963,2cd65d5581b7d1008e04fe00370e02d62fc01a1b13dbfa1d51444f744891892d,c6762a38396e2432,1,活动截图:12:3,1
活动截图,12,火焰排行/铁锅炖大鹅fireRank,image97.jpeg,176,200,thumbnail_or_crop,23.73,174.366,0.0161,105.707,7.4055,6ef0f6fe6f1d0df1f95c6b1dc9581d2b92fb5781de8800dfc83bb7ae1285a310,f8696470711c0f33,1,活动截图:12:4,1
活动截图,12,火焰排行/铁锅炖大鹅fireRank,image98.jpeg,834,1380,full_page_candidate,91.56,161.787,0.1637,1604.765,7.1047,b410d87e37291a0dd941d8e78e08f227656c42bcb24db407523e5ab3e375431a,f0c0ae612ece8e8e,1,活动截图:12:5,1
活动截图,12,火焰排行/铁锅炖大鹅fireRank,image99.jpeg,798,1484,overlay_or_dimmed,59.95,73.938,0.4949,3807.981,6.4066,b74a85a23489f3610166fd1caf9ae9cf32ea5d4976717310e8ac450200c46883,3368e9f9707178e8,1,活动截图:12:6,1
活动截图,12,火焰排行/铁锅炖大鹅fireRank,image100.jpeg,802,1458,full_page_candidate,85.45,95.475,0.1693,1177.02,6.5505,0979fa63f71717faba308867d240e12316a969ba3a7a94b44c33d24e5ea9c32b,f0b6b6d4b4b4b4b4,1,活动截图:12:7,1
活动截图,12,火焰排行/铁锅炖大鹅fireRank,image101.jpeg,844,1480,full_page_candidate,90.66,176.605,0.0822,3543.672,7.2487,3c34b4f5e5a2921a8b861b0a8d2a684384dc23bdf3b426af06c8a503652b328d,e8b2b2a6bcbcbc9e,1,活动截图:12:8,1
活动截图,12,火焰排行/铁锅炖大鹅fireRank,image102.jpeg,808,1468,full_page_candidate,77.53,194.468,0.0556,2812.553,6.489,e974fd72c7e403798b8470f54442297e09a2a7dbc6b0080b547190d53f4067a1,e8b2b2ce9694bcbe,1,活动截图:12:9,1
活动截图,12,火焰排行/铁锅炖大鹅fireRank,image103.jpeg,950,1712,full_page_candidate,91.27,190.905,0.03,1868.103,6.7746,d4d3f41e777d380507ead5cbf369cd00265872d0e3548c0b8829f447b5500a7e,e896a6bdbc9c9d8e,1,活动截图:12:10,2
活动截图,12,火焰排行/铁锅炖大鹅fireRank,image104.jpeg,960,1724,full_page_candidate,86.58,79.794,0.2515,802.564,6.4528,9b359ff6b489c44919d90e99d784f5b501e7249671c58c810a39a75a1bb3e8f6,f3e8d6d4ccf9f1d4,1,活动截图:12:11,1
活动截图,12,火焰排行/铁锅炖大鹅fireRank,image105.jpeg,962,1730,full_page_candidate,95.91,166.396,0.0699,1154.28,7.1528,7b4bce772d79e2dd829faa81940d175557a1c017555426e791ccf95358bfc65e,f0b16179979e8edc,1,活动截图:12:12,2
活动截图,12,火焰排行/铁锅炖大鹅fireRank,image106.jpeg,946,1722,full_page_candidate,91.28,190.333,0.0323,1984.451,6.7703,d7d87b02ab8c2b806ef0abb4dd8a534310cfba890a232b2871487679883acd72,e896a6bdbdbc9e8e,1,活动截图:12:10,2
活动截图,12,火焰排行/铁锅炖大鹅fireRank,image107.jpeg,968,1726,full_page_candidate,96.13,165.179,0.078,1244.449,7.1651,37d2eece15cea4e0e406e6c5225143b666fd7b8b57def3a1586deb0cda9bd3ec,f0b16179978e86dc,1,活动截图:12:12,2
活动截图,13,客流高峰orderWare/orderware1,image108.jpeg,954,1732,full_page_candidate,98.12,148.899,0.2572,1487.934,6.9068,b92d290c9e0ea0999604dd96103024b38909b1f947fe6621916dd3bfccd2589d,71e88e8e8a8e8ebe,1,活动截图:13:1,1
活动截图,13,客流高峰orderWare/orderware1,image109.jpeg,974,1726,full_page_candidate,91.36,194.133,0.0071,3129.144,7.0547,223fa1dd6f4a706699b0663fe783c816982358491ccbfa291ed9032b1bd8f285,2a286431398998d4,1,活动截图:13:2,1
活动截图,14,篮球赛chessBoard8,image110.jpeg,164,174,thumbnail_or_crop,22.28,168.815,0.0008,70.384,7.1205,6bdef725378914228857d3da61363a72641e5e4f37f7ecd1843309530478bff2,44c6db79d8d6f016,1,活动截图:14:1,1
活动截图,14,篮球赛chessBoard8,image111.jpeg,174,190,thumbnail_or_crop,24.42,166.796,0.0008,108.726,7.1919,4359cc57ab63b3eb933eaa909418601a13c83b87ff9c3e01d0c7381eee093e34,26c6d9cccad68426,1,活动截图:14:2,1
活动截图,14,篮球赛chessBoard8,image112.jpeg,178,192,thumbnail_or_crop,23.25,176.184,0.0012,102.438,7.3805,12dce262fc3e7c527b6c1b2f33f12492306fe2e9d8516a8dcfe52b06c0cc7c2e,54199a652f0f9b2b,1,活动截图:14:3,1
活动截图,14,篮球赛chessBoard8,image113.jpeg,196,212,thumbnail_or_crop,17.18,188.365,0.0094,25.964,7.1793,b427b1f1f4dccb0fd07cc24a3eb83d46b7b3d5b57cb57d9ca35b411d613f2a06,8d7c8d9c0d2c8a97,1,活动截图:14:4,1
活动截图,14,篮球赛chessBoard8,image114.jpeg,792,1480,full_page_candidate,88.04,178.17,0.1481,2781.41,6.5446,6cbc1ae2dc67ad52eed7d1471566011bef2ca0a21982af3e0535e8185950358e,f49ea2a882968e8e,1,活动截图:14:5,1
活动截图,14,篮球赛chessBoard8,image115.jpeg,946,1736,full_page_candidate,92.27,179.623,0.102,1612.963,6.4472,ef0fe6f23d4b466210bfb80c60291c20f213faf7445eca54b380890caea384af,f4969aa8a2aaa2aa,1,活动截图:14:6,1
活动截图,14,篮球赛chessBoard8,image116.jpeg,964,1734,full_page_candidate,92.45,178.828,0.1126,1575.667,6.4408,630dfa6dfce0f0553fe4e4e93bebc8836a6bb6431d9f7c12416094c673562e2c,e49ea68abaaaa2aa,1,活动截图:14:7,2
活动截图,14,篮球赛chessBoard8,image117.jpeg,956,1728,full_page_candidate,92.37,179.078,0.1045,1596.607,6.4256,babaad41851536dbfb3d28c003074190e4eeb6162d9d4073dcca1543598bdb5a,e496aa8aaaaaa2aa,1,活动截图:14:7,2
活动截图,14,篮球赛chessBoard8,image118.jpeg,970,1730,full_page_candidate,90.01,159.014,0.1652,492.955,5.0189,de84f69f420edc8d0762eae089c2d784454ca397b8378d7433496dd19728e75b,69a88caeb2a28acc,1,活动截图:14:9,3
活动截图,14,篮球赛chessBoard8,image119.jpeg,966,1738,full_page_candidate,91.18,134.582,0.1926,466.935,5.385,6f64e0ec9f4ab36bf367f728bb500ef0af32be86aed2de9e092ca0383da678e0,27f8cceed6cac40f,1,活动截图:14:10,1
活动截图,14,篮球赛chessBoard8,image120.jpeg,958,1732,full_page_candidate,90.86,159.912,0.1607,642.459,5.0936,ad355ea11a2a62fc1e6b35de973a051a6760b51e6d4ec72a07699beb35731b92,69a88caeb2aa82cc,1,活动截图:14:9,3
活动截图,14,篮球赛chessBoard8,image121.jpeg,956,1728,full_page_candidate,91.17,160.16,0.1567,682.662,5.1708,3e1b96117bdcf50d98413e0d1bb85de33bfcb3df51293bf1c84b6dd26d2caa84,69a88caeb2aa82cc,1,活动截图:14:9,3
活动截图,14,篮球赛chessBoard8,image122.jpeg,960,1728,full_page_candidate,91.59,184.723,0.1086,1543.807,6.4718,9e57974c426cd2eb9cc310bb14084906caf23302cf131ae9bc87c69e8841b221,e49eaabaae8e82aa,1,活动截图:14:13,1
活动截图,14,篮球赛chessBoard8,image123.jpeg,964,1720,full_page_candidate,91.72,188.227,0.1073,1973.801,6.7906,92b97cdf5ed9b7ced1730155a214dfc80801e8d386ea96c12288c21b2e49ed96,a49ea2aa98bcbcaa,1,活动截图:14:14,1
活动截图,14,篮球赛chessBoard8,image124.jpeg,974,1750,full_page_candidate,89.51,202.315,0.0005,2980.052,6.789,53834afb987cb03d17d6931cda1ad3b7fd63d4e20339ee637f3bc686707a2c2c,d8dce823516131f9,1,活动截图:14:15,1
活动截图,14,篮球赛chessBoard8,image125.jpeg,954,1742,full_page_candidate,96.49,161.6,0.119,1997.081,7.0711,97a63fb3af81c132558c90100b37ba8f54658907d5118c8d79504c3afd6cf9b8,b68aaaccacce8cac,1,活动截图:14:16,1
活动截图,14,篮球赛chessBoard8,image126.jpeg,960,1718,full_page_candidate,90.02,195.228,0.0227,1795.634,6.506,cee5d770dce2f6a06898337a462972d3c60b37b722ac6a459c193cc70ecf7a01,f08cce6869ec69e8,1,活动截图:14:17,1
活动截图,14,篮球赛chessBoard8,image127.jpeg,960,1750,full_page_candidate,92.53,185.095,0.1093,2120.533,6.9387,c88847d211193e1a0d70c7088452ed740adfe646c7004ccc04928c1066c70de3,f49ea2aa9cbc9c8e,1,活动截图:14:18,1
活动截图,14,篮球赛chessBoard8,image128.jpeg,914,1692,full_page_candidate,89.49,193.032,0.0733,1855.444,6.4176,d106b9aa334e4ec0637490b3005dd36a498f055002e921c526a8aa2a21611469,f49eaba9b587ad8f,1,活动截图:14:19,1
活动截图,14,篮球赛chessBoard8,image129.jpeg,964,1736,overlay_or_dimmed,54.42,44.15,0.8197,687.972,4.5316,485985e56fa754f71ad8b077c9a36940aa8bd4f7c2e2f69559f60e103ea5308f,d4d4c9ce31b1bab0,1,活动截图:14:20,1
活动截图,14,篮球赛chessBoard8,image130.jpeg,970,1734,full_page_candidate,92.2,182.307,0.1154,1854.945,6.5821,7b680164930272e01ccfabae2eb3e33452e8b615af648965695f806b490c6a30,e496a2aea2968e8e,1,活动截图:14:21,1
活动截图,14,篮球赛chessBoard8,image131.jpeg,960,1738,full_page_candidate,91.63,183.823,0.1173,1519.18,6.4237,eda9f783100c255063389def8772ea9909e89177a7c2070dae6e2db455e0bda2,f49eaab6aaae8e8e,1,活动截图:14:22,1
活动截图,14,篮球赛chessBoard8,image132.jpeg,886,1396,full_page_candidate,94.34,139.816,0.1682,1639.041,7.0723,1401123832965c3982e1cb6fc1a57c7d2c9a87730904a2cda57961988d78f38d,a3d490a690949c8c,1,活动截图:14:23,1
活动截图,15,面具挑战 maskChallenge,image133.jpeg,172,182,thumbnail_or_crop,24.05,155.109,0.0014,82.46,6.6196,435e87618028c7b06394a1fa2b4c25a0af7a35a6a4e53c484a0b617d81ad6ff4,94366852922cd086,1,活动截图:15:1,1
活动截图,15,面具挑战 maskChallenge,image134.jpeg,174,150,thumbnail_or_crop,19.39,169.056,0.0005,51.657,6.2608,7a5e5f00daf2c8aba5e5dd227c243404c36d796f4e049f272feb7745834dd455,e3d8c26d49a3bbc7,1,活动截图:15:2,1
活动截图,15,面具挑战 maskChallenge,image135.jpeg,422,248,thumbnail_or_crop,31.94,191.123,0.0035,1446.711,6.8976,16af92e3bfc07d1e8173579f449c5821a6964535dabdcff83e212030df162993,4d0d8e72727272e6,1,活动截图:15:3,1
活动截图,15,面具挑战 maskChallenge,image136.jpeg,984,1732,full_page_candidate,96.7,161.682,0.1494,1250.697,7.1776,05f7226b41bd3fbcea48342cd8f1086051976ec9118c1df7949a27edce698815,f0d8b2bc9c8e8e9e,1,活动截图:15:4,1
活动截图,15,面具挑战 maskChallenge,image137.jpeg,826,1472,full_page_candidate,93.36,156.296,0.1321,1469.48,7.2006,b6c02ef0472b47a773f98117207687b2879eebf03e66768d974059834721f972,f0f06e9a96a78e8e,1,活动截图:15:5,1
活动截图,15,面具挑战 maskChallenge,image138.jpeg,964,1734,full_page_candidate,95.59,166.183,0.0712,1036.256,7.071,a536eb9f5ae722d968c5751d51a35ca0651c30f12d8f672812c39d0b6a338cda,d0f06a8cb60f8e8e,1,活动截图:15:6,1
活动截图,15,面具挑战 maskChallenge,image139.jpeg,972,1726,full_page_candidate,95.68,166.456,0.073,1065.314,7.0911,445e6530fe5635a04c784afd9316f8453e05b601d63311a239fe001911557d32,d0707296a6178e8e,1,活动截图:15:7,1
活动截图,15,面具挑战 maskChallenge,image140.jpeg,968,1732,full_page_candidate,95.79,165.406,0.0705,1116.2,7.0228,af1b7d7d21e5685ce256f76591738b69351592f6c8fdfd18c35c1bc86f218881,d0f4688c96278e8e,1,活动截图:15:8,1
活动截图,15,面具挑战 maskChallenge,image141.jpeg,976,1732,full_page_candidate,97.76,155.123,0.0974,1246.127,7.1939,4633200d7b8b037991d4cd840ef173b978ec49c2dd06a3829a0e1ba76ab5bb7a,f0dc9698968e8ed4,1,活动截图:15:9,1
活动截图,15,面具挑战 maskChallenge,image142.jpeg,974,1746,full_page_candidate,97.28,150.631,0.093,922.769,6.889,95b40b718f8a2418c7d9492a9b750ad9eaf11b37d2431d8ee5b9edd56db246df,f0e8c8d1d18e8ed8,1,活动截图:15:10,2
活动截图,15,面具挑战 maskChallenge,image143.jpeg,958,1730,full_page_candidate,97.52,152.59,0.0844,1068.599,6.9301,78cd89a541a7be1a94c309223aff3ac810145144dec38bc764e9ede830220b4c,f0e8c8d1d1aa8ed4,1,活动截图:15:10,2
活动截图,16,咩咩牌gogV2/gogvii1,image144.jpeg,184,208,thumbnail_or_crop,21.49,162.512,0.0191,27.185,7.3528,f678b90d991017f8eac2eab1e997c53075bd04b00dca68cfadd3cdb5982174ab,761658b81666b6cc,1,活动截图:16:1,1
活动截图,16,咩咩牌gogV2/gogvii1,image145.jpeg,212,208,thumbnail_or_crop,19.09,173.137,0.0089,20.635,7.1741,0f1622528b0b7a34d719d32438e7b44ba8dbbffcf77e817f41254a7a45ea275f,39bcf4f47032465c,1,活动截图:16:2,1
活动截图,16,咩咩牌gogV2/gogvii1,image146.jpeg,170,178,thumbnail_or_crop,17.82,168.883,0.0,14.347,7.2357,67c6218f618e1a524e8bc427ef088555afc2d5956a03f046cd152456509f00c6,9978ececc9586613,1,活动截图:16:3,1
活动截图,16,咩咩牌gogV2/gogvii1,image147.jpeg,772,230,thumbnail_or_crop,36.14,194.425,0.0,790.675,6.9053,7afc3936076a5dc41fed1ce89a576b80945198318d72a2a2055ef89761d8c034,d48a2915595b6bc3,1,活动截图:16:4,1
活动截图,16,咩咩牌gogV2/gogvii1,image148.jpeg,972,1734,full_page_candidate,79.4,202.176,0.061,1453.882,5.7875,79f24fa77a7dd3083ab80ab269b5e9a319e2b80f6bbfe05e47f578731abf2f13,c8a2e4b8bca2b8b8,1,活动截图:16:5,1
活动截图,16,咩咩牌gogV2/gogvii1,image149.jpeg,956,1734,full_page_candidate,85.97,203.187,0.003,1755.794,5.1922,c091a33749ed752124dfc6fab4164b3a78d38851782726f2cf7fce6fecf5ae58,d4a23337b3aac64b,2,活动截图:16:6,1
活动截图,16,咩咩牌gogV2/gogvii1,image150.jpeg,960,1726,full_page_candidate,91.41,185.845,0.0562,1245.233,6.4721,c37659b6fd6bd490abc041709d17e95bb0631992742f1aede9872b94a07a1967,e89696b4b4b4b4ce,1,活动截图:16:7,1
活动截图,16,咩咩牌gogV2/gogvii1,image149.jpeg,956,1734,full_page_candidate,85.97,203.187,0.003,1755.794,5.1922,c091a33749ed752124dfc6fab4164b3a78d38851782726f2cf7fce6fecf5ae58,d4a23337b3aac64b,2,活动截图:16:6,1
活动截图,16,咩咩牌gogV2/gogvii1,image151.jpeg,968,1732,full_page_candidate,97.07,153.311,0.1819,1352.014,6.7347,1a293b64ae0fa7f58218ae1cc35ebfcab1b64ed8e337fab8e578ebc98b24df55,7be0a0b2928286ab,1,活动截图:16:9,1
活动截图,16,咩咩牌gogV2/gogvii1,image152.jpeg,968,1734,full_page_candidate,88.42,101.319,0.3673,639.926,6.0697,24cfe782070916ad5ade4ad0a42063557a817dd02218e716611a3e153232cd5a,63e4a88ea2a28e88,1,活动截图:16:10,1
活动截图,16,咩咩牌gogV2/gogvii1,image153.jpeg,972,1732,full_page_candidate,86.15,78.463,0.2956,771.026,6.4083,3be63fd50a1a8c024fb248a7051585c0bf7745c03af5c534dd575c0940043c31,73f0d4d4c971e80f,1,活动截图:16:11,1
活动截图,16,咩咩牌gogV2/gogvii1,image154.jpeg,956,1720,full_page_candidate,86.9,80.677,0.36,742.468,6.6529,ac6ae8610488004e701f2e1ec0c81738c6ebcd0dadcd23056f8dc9281e331197,70ecc669e87169d4,1,活动截图:16:12,1
活动截图,16,咩咩牌gogV2/gogvii1,image155.jpeg,964,1738,full_page_candidate,89.04,199.188,0.0026,2742.466,6.3399,6c0c65693e6c65c810caa436edd2719480adf1e762afcfa03841d5559580f21e,d0b42cd7deb3b243,1,活动截图:16:13,1
活动截图,17,魔药瓶magiccauldron/cauldron6,image156.jpeg,178,162,thumbnail_or_crop,26.06,141.582,0.0131,71.124,7.3266,d5ac43670596142c65eaef638314e8cd81cdd1e4022d8ea5b0efa3db1bfe5d79,62d6ce1aabc6d48a,1,活动截图:17:1,1
活动截图,17,魔药瓶magiccauldron/cauldron6,image157.jpeg,180,176,thumbnail_or_crop,23.58,172.81,0.0095,103.996,7.319,4bb71e4b64b97be7862152b8df18907c68d29281fdf6cc2df97e4c085cd3c687,95da5a4f51328c71,1,活动截图:17:2,1
活动截图,17,魔药瓶magiccauldron/cauldron6,image158.jpeg,190,188,thumbnail_or_crop,26.2,157.696,0.0089,98.156,7.3923,46c48a34d10513933b78c69913b2fbdd225012adb2fec6497b7698aea7e81235,1c0e86309e065757,1,活动截图:17:3,1
活动截图,17,魔药瓶magiccauldron/cauldron6,image159.jpeg,190,178,thumbnail_or_crop,22.32,144.11,0.0136,15.924,7.3568,8e8f887011b44eddac0dbba010dc091910b5833f3c0ae6594f48bdf217dcdce3,9346cedc7c243659,1,活动截图:17:4,1
活动截图,17,魔药瓶magiccauldron/cauldron6,image160.jpeg,832,1472,full_page_candidate,86.28,90.901,0.1349,1583.226,6.9773,d63c112d0ebfba7281c31f200e0d71379fc9957f8755cb09ed0d12a7dff6a25f,e8f0cc5b636362d2,1,活动截图:17:5,1
活动截图,17,魔药瓶magiccauldron/cauldron6,image161.jpeg,810,1446,full_page_candidate,78.36,181.86,0.0657,2324.427,6.037,87cf74777973043b1e67dd079be1cd9b21195607d2ed4af91bd56c084914d3a2,c6a2768cb8a2acbc,1,活动截图:17:6,1
活动截图,17,魔药瓶magiccauldron/cauldron6,image162.jpeg,800,1438,full_page_candidate,74.96,190.953,0.0478,1873.624,5.2249,a842a17a8bb88b8afa352addd24752fa57121094aa708edcb0c422e7d196025b,d432e99eaaa280b2,1,活动截图:17:7,1
活动截图,17,魔药瓶magiccauldron/cauldron6,image163.jpeg,964,1744,full_page_candidate,91.0,92.063,0.2657,2570.337,7.1673,33f19ae9f1124820d95e14640ed03b29c9e5134e0e6479cfb7be373e043fe17a,e8e8b3b2a1b2f0f0,1,活动截图:17:8,1
活动截图,17,魔药瓶magiccauldron/cauldron6,image164.jpeg,978,1734,full_page_candidate,86.75,142.716,0.3595,864.631,5.5567,4973c35a0d7f1cde5dd8c825e216b8c55216ee32b3e455d050b26518915c8709,47ac8c8eae8c8633,1,活动截图:17:9,1
活动截图,18,拧螺丝screw/screw1,image165.jpeg,162,160,thumbnail_or_crop,10.51,198.416,0.0,7.771,6.9436,3c7a3a2955a4fe809abfda2aceeabd0daeea8acd3ae0c924bfcc9432be5f0ec9,f4133b2931326603,1,活动截图:18:1,1
活动截图,18,拧螺丝screw/screw1,image166.jpeg,560,210,thumbnail_or_crop,29.94,191.041,0.0001,309.838,6.8906,b68396fdbe0bcb29734a3cd5374cce93a6d1bc31edf2a2440b9bd051f394b257,66cb96a7c76666a9,1,活动截图:18:2,1
活动截图,18,拧螺丝screw/screw1,image167.jpeg,960,1728,full_page_candidate,96.69,156.97,0.1824,987.715,6.9782,66030cbaf66d4dda2234d88cdc63a5df94e3808a6a621a0d6cdba1a810ce39ab,e5c8baba98b6b2ba,1,活动截图:18:3,1
活动截图,18,拧螺丝screw/screw1,image168.jpeg,970,1738,full_page_candidate,91.08,188.385,0.0624,1232.583,6.5,8e1be6d4f53a5d47293dd5dd75382ec07ca232c9cd13fefde731bb21f8876936,888696b4b4b4b48e,1,活动截图:18:4,1
活动截图,18,拧螺丝screw/screw1,image169.jpeg,958,1722,full_page_candidate,79.37,202.611,0.0406,1284.079,5.8079,f5670ccb376aee93bf516fd6ceb899729ea472a904478f79bf22b68540d0ef60,ccf2e9b8bca298bd,1,活动截图:18:5,1
活动截图,18,拧螺丝screw/screw1,image170.jpeg,954,1734,full_page_candidate,87.9,208.634,0.0002,1197.99,6.497,28caaac48980155218bc350e1ee533f086045a3cc15e0849da158337c7ea942e,5746cc0d2b0ee4e8,1,活动截图:18:6,1
活动截图,18,拧螺丝screw/screw1,image171.jpeg,962,1730,full_page_candidate,92.58,117.736,0.0084,955.654,6.2223,356c33fb61d594d31362f24205285c1b3c9755cd8b747aa50bd08443c5ecb784,d4ccf2f0e8d4d4e9,1,活动截图:18:7,2
活动截图,18,拧螺丝screw/screw1,image172.jpeg,970,1720,full_page_candidate,93.16,119.65,0.0074,1053.047,6.2112,0c500d23c226c86c5703f26b785c94f18ac98a0214fa4d26d5137976672cdf6f,d4ccd2f2f0d4d4e9,1,活动截图:18:7,2
活动截图,18,拧螺丝screw/screw1,image173.jpeg,958,1722,full_page_candidate,97.02,154.357,0.1778,1466.098,6.7899,4f93ac2005946ab1774e921a3f65eb5dceebecdb6f1d6c53c1f6ab1758e2432a,13e4c8b2b28a8aaa,1,活动截图:18:9,1
活动截图,18,拧螺丝screw/screw1,image174.jpeg,964,1724,full_page_candidate,88.35,102.713,0.363,629.896,5.9551,69ef5745da42671a6ed94172c86b812c445977482567ceebe85f11e5d5e9af1f,1364e88eb2b28a82,1,活动截图:18:10,1
活动截图,18,拧螺丝screw/screw1,image175.jpeg,968,1730,full_page_candidate,97.56,153.939,0.1929,1248.095,7.0136,c0f4025740c6bbe3b0f2eab89cf6eee7733b11683601c7c141e5da30255ec503,f4c8aaba9cba9292,1,活动截图:18:11,1
活动截图,18,拧螺丝screw/screw1,image176.jpeg,962,1740,full_page_candidate,97.49,153.816,0.1871,1103.24,6.9719,f4b3c1c17279dc197e4596c47f33a777e1190ecb1039f5a318d55699d93f4386,e5c8faba9c969a9e,1,活动截图:18:12,1
活动截图,19,赛季相册cardSeason,image177.jpeg,998,1732,full_page_candidate,91.91,114.765,0.0222,931.584,6.1629,9b75c2edd175f6acdf654ecdbba4872019d4427f700959f116c30d012ef36257,cfa3ba6253b2b258,1,活动截图:19:1,1
活动截图,19,赛季相册cardSeason,image178.jpeg,982,1740,overlay_or_dimmed,65.86,80.132,0.5716,1458.094,6.5677,054475a49493db0cb4018323d0b6535dc638548694fe336c3f5ee02dbb3961bb,4e6192d6d0d17171,1,活动截图:19:2,1
活动截图,19,赛季相册cardSeason,image179.jpeg,970,1720,full_page_candidate,91.76,186.819,0.0111,2351.575,6.707,817d47c468a6b478f1db8e8507b13cfb13188f1b10cc724936707b79c2ae9b5e,70136f69696d696f,1,活动截图:19:3,1
活动截图,19,赛季相册cardSeason,image180.jpeg,826,1464,full_page_candidate,83.94,201.622,0.0421,2192.505,6.1478,188a5de983da6811ef9201a3f8cfb416a0bb4929ca5c01343baad5935cf876ae,64664a4a4a4a4a4e,1,活动截图:19:4,1
活动截图,19,赛季相册cardSeason,image181.jpeg,964,1724,full_page_candidate,93.85,166.659,0.1757,1485.556,6.2056,be1784d835f749a05072dda42437d2d1150a55f2b3a7aa50fcbd12fbcedbcf80,e8aa8a8e8aaaaae4,1,活动截图:19:5,1
活动截图,19,赛季相册cardSeason,image182.jpeg,974,1728,full_page_candidate,79.74,202.192,0.0559,1439.027,5.9506,ed521e82f14a432d2eff97f2d975e85de2fb14fc124479efa767076bff19d991,ecf0b2b2b2f2b2b8,1,活动截图:19:6,1
活动截图,19,赛季相册cardSeason,image183.jpeg,968,1720,full_page_candidate,77.84,200.486,0.1182,1098.715,4.9345,fb48c19cdcbc3043df95af233100efdde354d611415a59a1f29fc17995263997,e8bada9286b2aab2,1,活动截图:19:7,1
活动截图,19,赛季相册cardSeason,image184.jpeg,970,1734,full_page_candidate,75.79,209.133,0.0426,988.081,4.7581,83a12be7879f367ec49a3ef275a6ee02c2a0c9d44360787ad73f63266e2e74f2,e89698f9d2a280a2,1,活动截图:19:8,1
活动截图,19,赛季相册cardSeason,image185.jpeg,836,1434,full_page_candidate,86.6,108.49,0.2387,955.081,6.1749,2b63fa1f8c723552b3b49fdff54c3be9fa67df200959b4e3a74a8ceed61a5166,2bcccccccce8318e,1,活动截图:19:9,1
活动截图,19,赛季相册cardSeason,image186.jpeg,964,1724,overlay_or_dimmed,50.65,31.816,0.91,312.129,4.8285,b53ce912d57a2813d269a577c2686d32fcafe0abf7337cf05f8412f8385bfc88,cc4c3333334d6964,1,活动截图:19:10,1
活动截图,19,赛季相册cardSeason,image187.jpeg,976,1740,overlay_or_dimmed,65.64,84.966,0.6141,888.71,6.4168,41046b3428caa0c26560c22ac48819eb73dbfda43dd060c5f539c4d70db4ad42,e4ccecec6929e0c1,1,活动截图:19:11,1
活动截图,19,赛季相册cardSeason,image188.jpeg,962,1724,overlay_or_dimmed,62.82,72.725,0.6783,792.019,6.1625,199332eb3553c523bafffb3ec344cdae3554729a279014ff46cba1880ce12cec,c4ccacec69697171,1,活动截图:19:12,1
活动截图,19,赛季相册cardSeason,image189.jpeg,964,1732,overlay_or_dimmed,67.55,91.785,0.563,1631.73,6.506,e51e3b9788ded5adf51501ad545dc1642c69d392349c069208f2c8d3e3096b17,f0f0e4aa8e967169,1,活动截图:19:13,1
活动截图,19,赛季相册cardSeason,image190.jpeg,966,1738,full_page_candidate,89.97,89.672,0.3078,1308.274,6.8581,3bc247d799e9dee179204e1c84de15c479c7749e553fc3cd1141960d1875e83d,f0d4f1f071cef271,1,活动截图:19:14,1
活动截图,19,赛季相册cardSeason,image191.jpeg,974,1716,full_page_candidate,92.15,182.532,0.1394,1368.741,6.575,af0aa477f7fcce08d57c9054600447d59fd3649dd8014cae6d6b544daed49eba,e0b08e8e96a29696,1,活动截图:19:15,1
活动截图,19,赛季相册cardSeason,image192.jpeg,970,1708,full_page_candidate,91.2,92.59,0.2793,1719.487,7.2182,68611b4dada9e32f1a79c50525a26bc9362e4c069913d2b39580e9e7617a41af,61d42933b2c9d1d0,1,活动截图:19:16,1
活动截图,19,赛季相册cardSeason,image193.jpeg,970,1714,full_page_candidate,90.59,88.289,0.2934,1927.73,7.2478,81deda8f393700dfcc79e989076c4bb46d09f8d38eaa6ea00a54595aba0ee3db,e9d63333b2c9d1d0,1,活动截图:19:17,1
活动截图,20,新梦幻岛,image194.jpeg,966,1724,full_page_candidate,94.68,162.001,0.0005,1537.118,6.2533,b54969f6d95074abeb7b47930d1435022d375706258a5755560dcb0bb34834c4,4f23b2e333b7649b,1,活动截图:20:1,1
活动截图,20,新梦幻岛,image195.jpeg,966,1724,overlay_or_dimmed,67.08,87.56,0.5606,2239.787,6.5937,c4e9a226f61724a717c4f045af3d7664d119fd4cc6ac48b3367dbe1d24f52a7e,4cf0f0d4d8f8f871,1,活动截图:20:2,1
活动截图,20,新梦幻岛,image196.jpeg,964,1732,full_page_candidate,91.0,195.687,0.04,2178.626,7.0005,18f3a77139f9f2eab5397f9d26ae0342f208fd8babb32f161f4f0d1da684132f,9cb2e8b42c2c6972,1,活动截图:20:3,1
活动截图,20,新梦幻岛,image197.jpeg,818,1412,full_page_candidate,91.61,142.654,0.3055,1153.656,6.0512,49fc50a386e029f327753c83eaee3d9ea45cf27f334475e79a21a38c02286bce,1fe8868ea88e8e71,1,活动截图:20:4,1
活动截图,20,新梦幻岛,image198.jpeg,972,1738,full_page_candidate,87.11,76.973,0.3761,2096.268,6.4478,0e3b381ef692ad31d6e669cf6b8eacf1fbd0d2f29266502e8ee459b135b1e292,92f0e9f170717169,1,活动截图:20:5,1
活动截图,20,新梦幻岛,image199.jpeg,980,1728,full_page_candidate,81.01,191.648,0.1093,1290.285,5.7707,614a3cc8e850f5a2713527b7669915e480bd5ff21f70a63089f0f844bef85c73,8cb0b2b2b2b3b28a,1,活动截图:20:6,1
活动截图,20,新梦幻岛,image200.jpeg,962,1720,full_page_candidate,91.62,115.61,0.3346,890.933,6.0311,d30c1778af52f597a1bdbb8e09d2a573f0e90a044428396ffbc1d7728eef9571,9ee4e0dad696e003,1,活动截图:20:7,1
活动截图,20,新梦幻岛,image201.jpeg,950,1724,overlay_or_dimmed,60.98,68.651,0.3714,547.195,6.144,1f0c74b70e5a86a1731846f917af4f2252d1735759b52cbb8c348a83ab813dc1,1bf0d4f0f0e1f096,1,活动截图:20:8,1
活动截图,20,新梦幻岛,image202.jpeg,980,1744,overlay_or_dimmed,61.61,66.799,0.3466,555.867,6.5519,80c68dd617d9e0d975922f55a2ddab1c43983f0016eb6f4e15c50c8faf531d78,1ff0d4f0f069794f,1,活动截图:20:9,1
活动截图,20,新梦幻岛,image203.jpeg,970,1724,overlay_or_dimmed,55.18,54.618,0.4185,259.143,5.5556,f6b38ae49a974b00d9b8547cca995b79c18d888d22e91f54b69090c296779441,9e88f2b1b1856c71,1,活动截图:20:10,1
活动截图,20,新梦幻岛,image204.jpeg,970,1724,full_page_candidate,93.02,108.962,0.2771,1343.009,6.8715,144d028ac044c478996b1730b2e01045dd835b01bd45ba6c825310e84b65ddad,dcd496b6948da071,1,活动截图:20:11,1
活动截图,20,新梦幻岛,image205.jpeg,966,1730,overlay_or_dimmed,61.53,65.366,0.3742,906.084,5.9033,d74e0f96385105cfcac23784b6d5ee8615447eb52e648e06cb13a18336aaed70,dce4d6d4b3b17831,1,活动截图:20:12,1
活动截图,20,新梦幻岛,image206.jpeg,966,1730,overlay_or_dimmed,62.33,69.66,0.3555,847.497,6.0582,ea8defa5aecd56a7146fa7386ef9067102e630e7f1c390eb7240ea4fbe224fdc,d6e40fb2b38d7071,1,活动截图:20:13,1
活动截图,20,新梦幻岛,image207.jpeg,960,1736,full_page_candidate,93.99,123.779,0.3017,806.051,6.6904,f7be7b5a715903e7d69b9c965a6205dc0207db1380e7cea49a32ceb95117671b,9ec8b24d4db47171,1,活动截图:20:14,1
活动截图,20,新梦幻岛,image208.jpeg,958,1718,overlay_or_dimmed,60.98,62.531,0.7407,989.566,5.7215,0bbe8050139f4243412ccaad710ba1de2e9ce2b66f3d886ac065ccf736cf6e9a,3bf0f0e89629e871,1,活动截图:20:15,1
活动截图,20,新梦幻岛,image209.jpeg,972,1736,full_page_candidate,92.01,176.842,0.001,1881.165,6.0901,56405bc2027257d3ff2931bb833df5a95f9255ad2473139ba3707fbd83f1569b,31e98bb5b8ed528a,1,活动截图:20:16,1
活动截图,21,4倍体力,image210.jpeg,966,1726,full_page_candidate,98.55,143.811,0.1572,1253.202,6.9083,36162cc8cfa1edffbe3b04d894fc0a5e27b65a1270c70ae5adcf30729c02fd72,f0e0e2e0c88e86f8,1,活动截图:21:1,1
活动截图,21,4倍体力,image211.jpeg,968,1738,full_page_candidate,91.02,195.246,0.0063,3064.518,6.9774,2f66504b57a9760821fced929cafcdbd8077b65dd7129e1ce356edbc20b590ef,6a2b603139ae9cdc,1,活动截图:21:2,1
活动截图,22,跳cd,image212.jpeg,980,1720,full_page_candidate,97.66,156.599,0.1012,1451.957,7.2562,e311f070d07d0636d2887a04049181f85dca197d51f4e43852db2b998712544c,f0bc288a928e86f8,1,活动截图:22:1,1
活动截图,23,挖宝 digname/digname14,image213.jpeg,178,188,thumbnail_or_crop,24.67,159.423,0.003,78.631,7.2177,f5e1e1aab3c94155f760727b257aed9ead6bd005b363498025db21b9b4abec26,60c4a678b4e488e6,1,活动截图:23:1,1
活动截图,23,挖宝 digname/digname14,image214.jpeg,166,196,thumbnail_or_crop,17.69,181.21,0.0026,28.113,7.0873,06cc3c838e4818f818f32d994d0bd31a13e73043795b1888e5f954cd20cc0bba,676506597167cdd1,1,活动截图:23:2,1
活动截图,23,挖宝 digname/digname14,image215.jpeg,186,166,thumbnail_or_crop,26.02,152.621,0.0035,89.747,7.1966,dd1bfd06ba19393a97561f2225105b200b25ef15c0c4682d81ddc47e44b66016,46a6b6ce88e4bcc6,1,活动截图:23:3,1
活动截图,23,挖宝 digname/digname14,image216.jpeg,196,194,thumbnail_or_crop,22.75,157.694,0.0212,29.624,7.4302,478baaa5c34fd81b350ce96fe8f0519b64dea7b12c55a3c92ac7b5e2e581f120,d8eae244182c9a9a,1,活动截图:23:4,1
活动截图,23,挖宝 digname/digname14,image217.jpeg,168,206,thumbnail_or_crop,24.69,171.641,0.0046,122.613,7.4781,cf02c02a44fe6627e400a9effb82094195c390c266ef81ac9bdf75b511fe1a49,962b2537cf8f1701,1,活动截图:23:5,1
活动截图,23,挖宝 digname/digname14,image218.jpeg,848,1494,full_page_candidate,93.5,132.993,0.0529,2081.421,7.049,feb33ee6f4cd11d1f83c10740a2ffe26a0cd8fa6acb3391a73f1d2a3cc9442cb,e8f8a60f6969298f,1,活动截图:23:6,1
活动截图,23,挖宝 digname/digname14,image219.jpeg,782,1460,full_page_candidate,93.39,146.895,0.2602,2960.085,6.9241,3ce0a9b2c9654ca2a2aa52f5fbf81bf01fa6b9fc026c0a7de6fb7e2b8eec7415,ece4cec4ccec8ccd,1,活动截图:23:7,1
活动截图,23,挖宝 digname/digname14,image220.jpeg,958,1732,full_page_candidate,96.82,137.095,0.0003,1474.895,6.5911,b5ae14be501d9f1461f3d7dbd04a2de388f6e0cb8a4f43c12f168293d37d742f,e8ecd60d2569650d,1,活动截图:23:8,1
活动截图,23,挖宝 digname/digname14,image221.jpeg,968,1724,full_page_candidate,93.34,113.033,0.2018,1112.489,6.7241,ee9f9c608e86ed661bbb08f24d46750829820afdbf8b09186ac9e2e39b32937b,e838e88e92f06d0f,1,活动截图:23:9,1
活动截图,24,下潜订单diveChallenge/dive1,image222.jpeg,176,180,thumbnail_or_crop,23.94,159.051,0.0049,82.211,6.8363,8001724866ae74bfb94ec372387cd9b63052e33938b334c36ad60bbbdf2d7b9b,ec962a9a4268b4c2,1,活动截图:24:1,1
活动截图,24,下潜订单diveChallenge/dive1,image223.jpeg,168,152,thumbnail_or_crop,21.06,163.564,0.003,57.457,6.5225,92c3b14b075f73bf21ad3911c6adf0e1c84678aed6949a3ea040f4e82e8fc744,8b322e5b4b2cb4c9,1,活动截图:24:2,1
活动截图,24,下潜订单diveChallenge/dive1,image224.jpeg,160,190,thumbnail_or_crop,25.36,158.919,0.0133,86.481,7.5527,734f5f8e4bac56b35e062170473ffa40cfce79f42a87b7b61229eeefc9d0738e,861a76379f9e0753,1,活动截图:24:3,1
活动截图,24,下潜订单diveChallenge/dive1,image225.jpeg,278,222,thumbnail_or_crop,25.18,188.503,0.0015,241.101,7.0171,41bafc6ce559365ad72696558d59df56979bf2ea2d35cf4e395b2aa8959256f4,4a6d6a33b193f234,1,活动截图:24:4,1
活动截图,24,下潜订单diveChallenge/dive1,image226.jpeg,824,1476,full_page_candidate,90.87,114.874,0.2748,2712.953,7.4151,af6459243a0bbb6b6a18942d7f29ca573dc044d203155afdcc4871bb808a8725,e4d8e4bcb9a28ea0,1,活动截图:24:5,1
活动截图,24,下潜订单diveChallenge/dive1,image227.jpeg,810,1494,overlay_or_dimmed,59.07,64.237,0.6713,3279.642,6.568,8a716f18c37e1bb116f6812de71f58a322b614470aef85434e4be1e239bf3f45,b371e9f06879f069,1,活动截图:24:6,1
活动截图,24,下潜订单diveChallenge/dive1,image228.jpeg,970,1716,full_page_candidate,96.89,131.098,0.0372,1568.365,7.0599,f135cc88a9777081eb6ad653f6d372526cb7f262d0228701cdf3b887e812fdda,e490ed8999adb1b1,1,活动截图:24:7,1
活动截图,24,下潜订单diveChallenge/dive1,image229.jpeg,974,1734,full_page_candidate,96.48,128.909,0.0429,1420.687,7.0309,22a69dea8e90db229c889f126b60cd9c28b5e10803683d3c080dc368727f4ef2,e490b7898991a9b1,1,活动截图:24:8,1
活动截图,24,下潜订单diveChallenge/dive1,image230.jpeg,968,1722,overlay_or_dimmed,58.86,55.262,0.6055,470.732,6.3536,1e77c710d29bbebedf81dab93f997e630bc1cf262d7db3cdb51b041cecff690a,23f0ccf0f0e93131,1,活动截图:24:9,1
活动截图,24,下潜订单diveChallenge/dive1,image231.jpeg,964,1734,full_page_candidate,97.62,130.734,0.1062,1393.549,7.4308,46ce357f5a65006a54e35952f8a3c5078a4a9a1aa04b78b8fa62203666d352bc,f4d8e6f49def94d4,1,活动截图:24:10,1
活动截图,24,下潜订单diveChallenge/dive1,image232.jpeg,970,1730,full_page_candidate,96.42,128.371,0.0374,1407.697,7.0418,10553a15f31e558e55f8179a0f163f60dbe17b3b079bf595fad46e9c539a284d,f4d0898d9691a9b1,1,活动截图:24:11,1
活动截图,24,下潜订单diveChallenge/dive1,image233.jpeg,964,1722,full_page_candidate,92.48,100.091,0.3512,1288.105,7.2697,513c3278a19117eef2cf2f353d4e06c227185cf5e2260b330a88ebd5eaddf735,63d0c97971b3b229,1,活动截图:24:12,1
活动截图,24,下潜订单diveChallenge/dive1,image234.jpeg,966,1730,overlay_or_dimmed,65.02,79.068,0.4804,832.159,6.6557,0f91fd4e17558d4acd0347f7aeb88b92457548a258f73783f472da90c67f6262,66f0cd4db1b2b131,1,活动截图:24:13,1
活动截图,24,下潜订单diveChallenge/dive1,image235.jpeg,974,1736,full_page_candidate,92.42,100.36,0.3516,1140.456,7.2244,61c59c5a93b2087952b42cf1ff82e69291f3a2ead8fcc6953f214417c433b4fa,67d0c9797186a831,1,活动截图:24:14,1
活动截图,24,下潜订单diveChallenge/dive1,image236.jpeg,958,1732,full_page_candidate,99.14,141.379,0.1099,1341.183,7.3629,3d268ac742d2ac380e6ba34525a99355aeb6f36bca9ed6dca366cd527b6fa7fd,f470ccb4b5e98cdc,1,活动截图:24:15,1
活动截图,24,下潜订单diveChallenge/dive1,image237.jpeg,970,1744,full_page_candidate,95.4,122.516,0.2596,1072.234,7.0253,683ee3251f5a429b77575a4bfe0ccfa095808cd71bc870051acf4495d5a0a538,0fece29a9284be3b,1,活动截图:24:16,1
活动截图,24,下潜订单diveChallenge/dive1,image238.jpeg,964,1730,full_page_candidate,96.52,126.815,0.1582,1136.526,7.2043,d96b41209f50571f4c0ee3af8c22d66bd2f0143a1a0566b35343ab42a17a7070,17e0e29b928496d0,1,活动截图:24:17,1
活动截图,25,悬空挑战hangChallenge/hang3_1,image239.jpeg,152,170,thumbnail_or_crop,25.31,150.18,0.0198,60.746,7.5214,f1777454f0c485c48ed1da6308c068255d1e599053cdf2ee59240ed5ea24d1c1,ca262622523a4cc6,1,活动截图:25:1,1
活动截图,25,悬空挑战hangChallenge/hang3_1,image240.jpeg,204,172,thumbnail_or_crop,26.53,149.628,0.0046,103.796,6.8358,c03039f83031db05ed10e476e049138926c320006dbe71ed31920d0ddd7237c0,4ce4c4b8a0cca4e4,1,活动截图:25:2,1
活动截图,25,悬空挑战hangChallenge/hang3_1,image241.jpeg,580,260,thumbnail_or_crop,38.92,171.052,0.0038,2133.497,7.3997,c6641b17b1108df023318b2cd8a0a05a5071ca83b5c5ee68a07a00b9423aef8b,2d2f531297d06a93,1,活动截图:25:3,1
活动截图,25,悬空挑战hangChallenge/hang3_1,image242.jpeg,826,1430,full_page_candidate,90.26,117.607,0.3143,1983.491,7.1144,d6afbeb7870c7a71f97d69fc313877272415b3ac11fbf76c0423d26759d71bc5,23dcc8eae29296c0,1,活动截图:25:4,1
活动截图,25,悬空挑战hangChallenge/hang3_1,image243.jpeg,824,1446,overlay_or_dimmed,56.53,53.382,0.7442,3382.173,6.2711,9cec1cc724690f7b4fe588503d4507302890a380dc42eb0857eb6349047a2e27,b268f9b972716961,1,活动截图:25:5,1
活动截图,25,悬空挑战hangChallenge/hang3_1,image244.jpeg,806,1460,full_page_candidate,92.59,127.614,0.0465,4685.51,7.5216,f4b07121564cfa6e36dc6b2b4de085a07f625c335f86ed7db669f5e40acd598d,cc76328a94733533,1,活动截图:25:6,1
活动截图,25,悬空挑战hangChallenge/hang3_1,image245.jpeg,806,1448,overlay_or_dimmed,51.87,41.703,0.7702,604.717,5.9545,6b30de63a5b6640405d64c81d51e592702db6830a31bca6c51be429f81e85674,cc36c9e171b32c16,1,活动截图:25:7,1
活动截图,25,悬空挑战hangChallenge/hang3_1,image246.jpeg,846,1466,full_page_candidate,92.55,123.497,0.0589,4008.371,7.4393,b409ca06ccbd68ba0b43a6ee4c5529f09157cd268f38e5e904cc6a731effcce5,ccb0b2c2d8b20c9e,1,活动截图:25:8,1
活动截图,25,悬空挑战hangChallenge/hang3_1,image247.jpeg,974,1724,overlay_or_dimmed,63.52,65.192,0.6379,1282.375,6.5699,b15ef9bc62542f8c6654c33f061b54fd16c7bb33a251671237ecc8fe8dc60f8d,cc9278f0f1f1f0b2,1,活动截图:25:9,1
活动截图,25,悬空挑战hangChallenge/hang3_1,image248.jpeg,984,1720,full_page_candidate,96.26,122.521,0.1433,1586.432,7.397,90dfc373a69214d9b196cec80da89c49299b43d179b791dc2e133c7829ca3c18,eacc8ae8bce0c2cc,1,活动截图:25:10,1
活动截图,25,悬空挑战hangChallenge/hang3_1,image249.jpeg,970,1734,full_page_candidate,96.42,123.493,0.1509,1225.495,7.4,fe99bdb2884e8706781e5111a74f371c05693db3404f61726e8d4113ced925af,72cca696b6be8ef8,1,活动截图:25:11,1
活动截图,26,自选阿强chooseOrder/chooseOrder1,image250.jpeg,152,150,thumbnail_or_crop,20.06,165.975,0.0009,37.755,6.9713,22fcda834acf5ee77bb243806b21f7b91d2626193b2928bc7fddbf310a684c68,1464caa2b0b25890,1,活动截图:26:1,1
活动截图,26,自选阿强chooseOrder/chooseOrder1,image251.jpeg,144,172,thumbnail_or_crop,21.96,167.782,0.0012,73.764,6.9971,46a66eca66677256f8385bc032e7c6dc10e018243d0086f19de38e1184190145,6872ceaab86c4417,1,活动截图:26:2,1
活动截图,26,自选阿强chooseOrder/chooseOrder1,image252.jpeg,494,212,thumbnail_or_crop,28.88,187.169,0.0022,242.458,6.9802,fee82c3e7c8bb03dea94df786a3c39ba5a1f8e8877dad8284e441ed1dd935b42,6e5132b2e36b6745,1,活动截图:26:3,1
活动截图,26,自选阿强chooseOrder/chooseOrder1,image253.jpeg,972,1724,full_page_candidate,96.7,161.772,0.1983,1845.169,7.1828,29c624608c1b4e98ab4f88aee60cc1a2659f239eea277673eb0ddacba9a8a81f,f4e09b92abab969a,1,活动截图:26:4,1
活动截图,26,自选阿强chooseOrder/chooseOrder1,image254.jpeg,802,1442,full_page_candidate,91.74,160.171,0.1979,2411.227,7.0463,dd6ff578c165e9ad0b89cc04725edc8fbb13e441cadc522ea79db1efe79e1ea0,e4e09bbe8e938e96,1,活动截图:26:5,1
活动截图,26,自选阿强chooseOrder/chooseOrder1,image255.jpeg,974,1730,full_page_candidate,95.57,167.461,0.0801,1752.083,7.0712,f251e1d2c6e54237c26365f5c08dc438df355d916ac4bd4f2c9c5b48368fd187,e4e09bbe8e8a8ed4,1,活动截图:26:6,1
活动截图,26,自选阿强chooseOrder/chooseOrder1,image256.jpeg,972,1730,full_page_candidate,85.08,77.306,0.1555,667.568,6.2036,77453a0858540870b5ffa56eaae2aa772ab0e183a1464c2bb5f5f3e35208561d,27f0ecd4d469f0d4,1,活动截图:26:7,1
活动截图,27,自选阿菇chooseOrder/chooseOrder4,image257.jpeg,138,206,thumbnail_or_crop,24.22,166.564,0.0004,135.576,6.9763,e3bb9d8466dbf5605e17d606a17a8f9f200f1b7c3b77f476c96df224405fb388,0a64d5cac64e5017,1,活动截图:27:1,1
活动截图,27,自选阿菇chooseOrder/chooseOrder4,image258.jpeg,158,182,thumbnail_or_crop,22.22,174.633,0.0007,96.345,7.0759,ab6baf21f2002693b91401296b6884911c2fb6b9b0a8d004984be48428ffa467,64c3cbd2c8cce413,1,活动截图:27:2,1
活动截图,27,自选阿菇chooseOrder/chooseOrder4,image259.jpeg,442,216,thumbnail_or_crop,34.82,179.634,0.0038,1670.942,7.3908,a727f191c8932254f727b970ad593b3506fb1dc3cfb5440f822eddb48177a5aa,69516c2d4d697835,1,活动截图:27:3,1
活动截图,27,自选阿菇chooseOrder/chooseOrder4,image260.jpeg,814,1478,full_page_candidate,92.37,160.085,0.2137,2605.8,7.085,743fac6ffafbe510a8bd15a31f4c2a10d50229af713f515d6778de7841cf4965,f0e8d292a9a98e82,1,活动截图:27:4,1
活动截图,27,自选阿菇chooseOrder/chooseOrder4,image261.jpeg,824,1472,full_page_candidate,91.96,160.979,0.224,2113.58,6.9064,e52c5ad8a5ec4531dc2170899499b19157376ba4402e23ad1423d4f6d8e2aaba,f0e8d2c68e968e92,1,活动截图:27:5,1
活动截图,27,自选阿菇chooseOrder/chooseOrder4,image262.jpeg,806,1458,full_page_candidate,90.92,167.235,0.1177,2315.448,7.0819,c96a9645a7a6a577af930c6718df19cbcb2e60d27cd98ba51494645c96e1976c,f0e8d2c6988f8ed4,1,活动截图:27:6,1
活动截图,27,自选阿菇chooseOrder/chooseOrder4,image263.jpeg,786,1472,overlay_or_dimmed,58.22,71.143,0.4201,953.503,6.1521,30dc5c24d7494392b4b978a1578c5ce96c11b90348adf7c4e1035b101e37802a,33f0d8d6d469f8d4,1,活动截图:27:7,1
活动截图,28,bingo,image264.jpeg,150,190,thumbnail_or_crop,26.97,145.447,0.0047,94.936,7.2099,3b7b9bf88207922c417a3aa329ba3c65433ae53a08dc6327322449cd906a0104,d05908872797b183,1,活动截图:28:1,1
活动截图,28,bingo,image265.jpeg,282,194,thumbnail_or_crop,26.98,176.642,0.0047,201.125,7.3456,ecf9802606b1c7704b46e49bfccdf4e40e0b0fcf1a341080407cf91600bb8272,6a646adbd36b7b1c,1,活动截图:28:2,1
活动截图,28,bingo,image266.jpeg,818,1470,full_page_candidate,86.17,186.686,0.1006,1320.698,6.1319,c627cf4ba7eadb7454c653d4716fe4b7a4f07799d660674f36d7de21b8ec73d6,b49a8aa6a2a28e8e,1,活动截图:28:3,1
活动截图,28,bingo,image267.jpeg,818,1482,full_page_candidate,89.17,175.015,0.1048,2863.152,6.6295,1bba1cded56d4056727ca3d75a4b3c266ee1eb286cd8257a7b240c4b09f4f7b9,b49a9a8c88ac8e8e,1,活动截图:28:4,2
活动截图,28,bingo,image268.jpeg,966,1722,full_page_candidate,95.24,148.363,0.2677,858.512,5.8728,3d28847ef09f5aa3eded9248a5fd5351d8db525f0a7c9a599f7f20cff5dc3a4d,7de8aaba9686ac0f,1,活动截图:28:5,1
活动截图,28,bingo,image269.jpeg,798,1454,full_page_candidate,88.39,178.816,0.071,3271.324,6.8222,b17019b0ac0446c55b189dafa538ca5be63294a76382af0c4ab909a5c9e49e61,b59a9a9c998da48e,2,活动截图:28:6,1
活动截图,28,bingo,image270.jpeg,818,1464,full_page_candidate,89.05,176.292,0.0975,3100.514,6.7461,16e3927f45317394cc166b337ae87eb679cd64321d97c887d5588c3d94dc9b18,b49a9a8c88a8ac8e,1,活动截图:28:4,2
活动截图,28,bingo,image269.jpeg,798,1454,full_page_candidate,88.39,178.816,0.071,3271.324,6.8222,b17019b0ac0446c55b189dafa538ca5be63294a76382af0c4ab909a5c9e49e61,b59a9a9c998da48e,2,活动截图:28:6,1
活动截图,28,bingo,image271.jpeg,828,1470,full_page_candidate,87.67,126.769,0.3439,808.371,5.4812,64b730f0abace7aba7407a9ee2ef83779068426ecf300f4823d22f119e00d638,4fb08ccce8cc8c0f,1,活动截图:28:9,1
活动截图,28,bingo,image272.jpeg,818,1458,full_page_candidate,88.77,177.581,0.0835,3025.214,6.7353,2e7ced5771e06761fe96e1703d554c6000ca0e4f8bc59979cb0a0511c0ee21c3,349a9ade8aa8ac8e,1,活动截图:28:10,1
活动截图,28,bingo,image273.jpeg,964,1718,full_page_candidate,91.82,185.953,0.0402,1025.564,6.7672,23419cb35455e1c308552378dc2ed3f7c051cb9ba9a969e435a65d73b64e8ebf,349e928e96b28e8e,1,活动截图:28:11,1
活动截图,28,bingo,image274.jpeg,964,1718,full_page_candidate,86.22,81.278,0.1766,700.075,6.3748,47568b5698158effe4c8d806f4a4cab2d20f0ed9157042ff17aec1a2091e2635,7ae8d4d4cdf170d4,1,活动截图:28:12,1
活动截图,28,bingo,image275.jpeg,976,1726,full_page_candidate,90.88,184.9,0.0527,878.087,6.4784,39cf89bd56919250f365416784c11f5c25890a6dde71fb96471787b98d5a6f04,b49c90a2a2b28e8e,1,活动截图:28:13,1
活动截图,29,"浮空岛
floatRace/race1",image276.jpeg,262,274,thumbnail_or_crop,21.49,173.708,0.0,29.253,7.1611,ccfeb0edab442072e9d5eb6acf932cd699e89448ec1cbe9a707518125ef72fe8,659ebae5ece4d47d,1,活动截图:29:1,1
活动截图,29,"浮空岛
floatRace/race1",image277.jpeg,102,88,thumbnail_or_crop,16.46,180.662,0.0022,27.336,7.4916,3bcdb03d9e1b1a6d66288b9761835cbe57a04e92c4017108eda52f599573a3ad,191171b0f2554d91,1,活动截图:29:2,1
活动截图,29,"浮空岛
floatRace/race1",image278.jpeg,94,88,thumbnail_or_crop,17.43,176.127,0.0042,31.028,7.5625,d2f342fb60e500e2d213bb8ecf07be846ec9e3bde9c34d6ea38f0570c4bf9c9f,2426ded445465454,1,活动截图:29:3,1
活动截图,29,"浮空岛
floatRace/race1",image279.jpeg,112,124,thumbnail_or_crop,13.09,187.951,0.0,16.464,6.9224,2ddb1805d11bf5e664dd70a2a18a086256d47d5406e0e7fdff8efeea20717f0d,d3642aea68c9b25d,1,活动截图:29:4,1
活动截图,29,"浮空岛
floatRace/race1",image280.jpeg,118,126,thumbnail_or_crop,20.4,172.09,0.0046,53.932,7.4423,5018aaa87472d52cca8b9827174389d711cb09e0b13e57176853e8ba8794d88c,65e68c4c8e971b73,1,活动截图:29:5,1
活动截图,29,"浮空岛
floatRace/race1",image281.jpeg,126,122,thumbnail_or_crop,16.69,183.816,0.0015,33.01,7.2231,81f89d620cec2bc6f34d6829a2ea5aec11c66125f75973d98f6aa2e4379b940e,0b33b270f0b13307,1,活动截图:29:6,1
活动截图,29,"浮空岛
floatRace/race1",image282.jpeg,560,850,thumbnail_or_crop,40.71,183.863,0.0906,1177.003,6.7334,53ba753290e0fcc71791f04cf80f55a2c83294ede8463b02b993a7cd06ae4e73,d498da89a2b68e8e,1,活动截图:29:7,1
活动截图,29,"浮空岛
floatRace/race1",image283.jpeg,544,840,thumbnail_or_crop,38.88,195.365,0.0379,1775.51,6.8886,646273f700c8d72750a756426f26d15d86ea0aa20e4369e7740d2158457800b0,f062bcb092294f8e,1,活动截图:29:8,1
活动截图,29,"浮空岛
floatRace/race1",image284.jpeg,560,1214,thumbnail_or_crop,20.95,234.935,0.0,47.86,4.1956,a822655cc0f22d7250e0c120cba136f1dd82047b7336c3e0af98341760f45e28,032744706042c674,1,活动截图:29:9,1
活动截图,29,"浮空岛
floatRace/race1",image285.jpeg,554,1216,thumbnail_or_crop,14.29,64.499,0.5602,3807.199,6.1486,28db94ffb04c402f4eecd961bc32b0ce8c17b4eedd411df43e92d20fdbc5fd44,637069e162717169,1,活动截图:29:10,1
活动截图,29,"浮空岛
floatRace/race1",image286.jpeg,562,1218,thumbnail_or_crop,43.5,192.476,0.001,4130.497,7.0341,745ae40c51b6efb39bdc219ded87c8809be0973b1f42d43280744fcd9e041680,6979af2a9e3a35c5,1,活动截图:29:11,1
活动截图,29,"浮空岛
floatRace/race1",image287.jpeg,560,1218,thumbnail_or_crop,43.67,191.09,0.0006,4040.52,7.0273,c333973383e595e6a6f7f44e5ae3dd09719a97a101c0aeec354c4bc78acbd411,6971afab9e3235cd,1,活动截图:29:12,1
活动截图,29,"浮空岛
floatRace/race1",image288.jpeg,562,1208,thumbnail_or_crop,43.93,189.9,0.0022,4949.057,7.0881,ec7c7135c649d0569dbc9523134e6ff304bafee15acc160d5114f122422ff0f6,c48c5c85f4d9c8d4,1,活动截图:29:13,1
活动截图,29,"浮空岛
floatRace/race1",image289.jpeg,548,722,thumbnail_or_crop,38.72,186.919,0.0455,1043.749,6.7524,f4455b84529d81498dafd5c05034fc3c1a08de6a35e7aa32a95c09645431ebac,f0162e0de9a98e8e,1,活动截图:29:14,1
活动截图,29,"浮空岛
floatRace/race1",image290.jpeg,556,730,thumbnail_or_crop,40.33,183.317,0.0549,1758.7,7.0738,8edbdfac50438e7d4a38286e8b67f1c424957572cf6513130fceb825908126cb,f0b6b2eba98eb3b2,1,活动截图:29:15,1
活动截图,29,"浮空岛
floatRace/race1",image291.jpeg,552,722,thumbnail_or_crop,43.89,163.31,0.0693,2399.105,7.3427,a99f19ba879e6362a4afaae87b17efe9b3e4c722dde8abb02101204dd6002bf4,f0f1e8f0aa8fcdc9,1,活动截图:29:16,1
活动截图,29,"浮空岛
floatRace/race1",image292.jpeg,564,1214,thumbnail_or_crop,42.1,191.008,0.0,1920.795,6.2709,fc43badd306dad8111a80d62c9f73ff932b920925c5efbff235efc32a20f44cc,e7c56970af270c84,1,活动截图:29:17,1
活动截图,29,"浮空岛
floatRace/race1",image293.jpeg,552,834,thumbnail_or_crop,39.35,188.836,0.0636,1136.825,6.5932,ca77ec7d01f87d72f2d938a6df54654105e11dd0efd0e224c32e104bf997c9ff,d49cdb89a3f28e8e,1,活动截图:29:18,1
活动截图,30,粉体力棋盘chessBoard7/picnic3,image294.jpeg,138,160,thumbnail_or_crop,23.44,157.162,0.0018,55.644,7.4206,2bc5237df1ebd8003cecf71abcacfd0c200d1f268628474f648fddb01d45b41f,609eda781816233c,1,活动截图:30:1,1
活动截图,30,粉体力棋盘chessBoard7/picnic3,image295.jpeg,140,140,thumbnail_or_crop,20.21,170.42,0.0013,39.798,7.4313,5c00bc8e8fe58c21e9637d1cb1c03e34d7d417ee0508cf044b6b45eaac6a0af5,f4909920244d72f8,1,活动截图:30:2,1
活动截图,30,粉体力棋盘chessBoard7/picnic3,image296.jpeg,130,136,thumbnail_or_crop,22.58,158.773,0.0042,48.593,7.5482,3fee87d48ebee0aae413589195ac2e5ddb178654b779b2f99e3d759dc39bf6e9,3472d9686ad947b8,1,活动截图:30:3,1
活动截图,30,粉体力棋盘chessBoard7/picnic3,image297.jpeg,748,1630,full_page_candidate,91.77,131.113,0.341,1648.132,6.5653,14b4a67bf620be9cd12c8b3e850f28d32e076e12ca3095eb91b3fadeec7dd9df,06e0acacaa8e8e2b,1,活动截图:30:4,1
活动截图,30,粉体力棋盘chessBoard7/picnic3,image298.jpeg,750,1628,full_page_candidate,84.57,204.515,0.0,1979.417,6.5301,a7ad1eea0a078a4e10d4567a25d466f89fc2b54ea968d61d00ee65de896ebafd,cfb935910fc0d0dc,1,活动截图:30:5,1
活动截图,30,粉体力棋盘chessBoard7/picnic3,image299.jpeg,750,1628,full_page_candidate,85.05,202.73,0.0,2880.708,6.6243,f87ee1df646fd08d67fe5ec3a9d32afe90ec0be31784942f02a303c7b0649319,cfad24991799d874,1,活动截图:30:6,1
活动截图,30,粉体力棋盘chessBoard7/picnic3,image300.jpeg,744,1628,full_page_candidate,78.2,184.868,0.1138,2158.089,5.8984,d4e64cf22b1124a8e52c2b3991d95f1ff2d7dfaac50572b2a69c8fd69ff058b9,d494868ea8e8a292,1,活动截图:30:7,1
活动截图,30,粉体力棋盘chessBoard7/picnic3,image301.jpeg,754,1626,full_page_candidate,91.54,132.298,0.3571,1791.508,6.3411,3a4c8683f9aec8548b5b53f2c8424af03e80f1b2bec413d5abfe52066bbef4ef,46e0aca8aa8e8e61,1,活动截图:30:8,2
活动截图,30,粉体力棋盘chessBoard7/picnic3,image302.jpeg,748,1624,full_page_candidate,91.32,132.655,0.3593,1813.86,6.2654,d2a2a7c5041cf9314fea7382495ee3f7cbda998720ebca573621de2e5a57c681,46e0aca8aa8e8e61,1,活动截图:30:8,2
活动截图,31,粉体力棋盘pass（chessBoard7）,image303.jpeg,130,142,thumbnail_or_crop,20.59,154.117,0.0004,38.51,6.5325,18c15eee337242e5146494372c10c1325a91c557dd331e3db123035090ea252e,35ceead0b266c478,1,活动截图:31:1,1
活动截图,31,粉体力棋盘pass（chessBoard7）,image304.jpeg,128,176,thumbnail_or_crop,18.19,189.847,0.0021,70.484,7.0214,0e6c46e199c0fbee1e32bb1f931823fdcebd8c64011cfbd13a7fecd160faa781,2d262767792f1f79,1,活动截图:31:2,1
活动截图,31,粉体力棋盘pass（chessBoard7）,image305.jpeg,752,1620,full_page_candidate,94.28,148.14,0.2183,2980.901,6.9642,b41e8c90728aa6eadca0125f83611661161c52624e78f8c1987490fdbcc26568,e2e0a6a8a8a8aed0,1,活动截图:31:3,1
活动截图,31,粉体力棋盘pass（chessBoard7）,image306.jpeg,748,1624,full_page_candidate,93.76,150.49,0.2242,2585.313,6.909,a85a01624069a4a48a7dab2e4da984189f8d956cee81164f82437b3697da33c1,e2e0aaa8b0a086c0,1,活动截图:31:4,1
活动截图,32,抽奖爬塔climbTower/tower1_1,image307.jpeg,136,156,thumbnail_or_crop,19.87,174.563,0.0012,54.622,7.0845,2104018493f92a0ed948d6d6e7a16e590f5c15d395a5a3551e44b80a1734ad72,e57cdaf8b2c45403,1,活动截图:32:1,1
活动截图,32,抽奖爬塔climbTower/tower1_1,image308.jpeg,120,120,thumbnail_or_crop,16.23,178.17,0.001,20.532,7.323,e40430108a05ff6e7c81ab1e4f805085ec56b4ab8735f9c79d2d50d010c86b8d,c9d9c9b3a8868403,1,活动截图:32:2,1
活动截图,32,抽奖爬塔climbTower/tower1_1,image309.jpeg,134,130,thumbnail_or_crop,20.5,169.476,0.0126,47.151,7.3486,3d09a8e9e1b1ec1c1696e993938af8e187e887917ab70b021ccb7690deef6468,78c8cab2b8dc6011,1,活动截图:32:3,1
活动截图,32,抽奖爬塔climbTower/tower1_1,image310.jpeg,176,172,thumbnail_or_crop,15.84,183.631,0.0003,19.957,6.9106,ea82c7f1b6dfbe1a79be3422d1ed0be08699e490da91b6019cefc9addee13573,a18954d3f1b1cf4f,1,活动截图:32:4,1
活动截图,32,抽奖爬塔climbTower/tower1_1,image311.jpeg,142,182,thumbnail_or_crop,21.16,171.87,0.004,61.313,7.1583,75c6e7b388c8edaf655b4fe9c775f44ce1cc21ee252e01680d04aa321365a78e,2ce2e371d19f1751,1,活动截图:32:5,1
活动截图,32,抽奖爬塔climbTower/tower1_1,image312.jpeg,170,188,thumbnail_or_crop,19.37,175.94,0.0019,39.767,6.9981,cac8e31b17c61b79e11ac8d181a5f5855983d1b209c11a96745d433b89fd6c0e,8ca162a979ccdc55,1,活动截图:32:6,1
活动截图,32,抽奖爬塔climbTower/tower1_1,image313.jpeg,752,1620,full_page_candidate,93.87,144.364,0.2934,1513.729,6.5906,8cf4717cb0f721d8ac844d30a16778ea441d04e367ccc2ce1509cc44b3010870,56c88aa2a68e8e71,1,活动截图:32:7,1
活动截图,32,抽奖爬塔climbTower/tower1_1,image314.jpeg,746,1616,overlay_or_dimmed,57.75,60.681,0.6736,3085.526,6.1771,ccdfac1e870e540b4068a27f6beb20d46c3a5c196921101fba3e379ec7ef8cea,d67169b970696969,1,活动截图:32:8,1
活动截图,32,抽奖爬塔climbTower/tower1_1,image315.jpeg,758,1620,full_page_candidate,93.73,131.005,0.2124,2546.751,7.4556,c3c58888c47030049faf147dc6345ae481a6d377593df7b215c54fe62164a470,c8c8a6322a4371aa,1,活动截图:32:9,1
活动截图,32,抽奖爬塔climbTower/tower1_1,image316.jpeg,750,1624,full_page_candidate,94.36,138.379,0.2151,2854.804,7.2551,e621340f1d3f7020c0f742b304d2ee28710db87c6d4ba195b7b5032dc0ff0183,c8cca6332b5971a8,1,活动截图:32:10,2
活动截图,32,抽奖爬塔climbTower/tower1_1,image317.jpeg,752,1626,full_page_candidate,94.48,136.701,0.2139,3130.866,7.4118,b3612608a960d0082ffb5534f32638c1d18d49b8f31e4e0c56b0ba7b8b0278d0,cccca6332b4971a8,1,活动截图:32:10,2
活动截图,32,抽奖爬塔climbTower/tower1_1,image318.jpeg,754,1620,full_page_candidate,85.38,88.746,0.3693,1326.238,6.6738,c161812f40a1c09bf5b74bafaed6257a39c4fc7bd91fefef155f2d616f8d9039,c0c8ccaab2d271ac,1,活动截图:32:12,1
活动截图,32,抽奖爬塔climbTower/tower1_1,image319.jpeg,746,1626,full_page_candidate,93.51,141.495,0.3302,1479.035,6.6503,6f77a5bc3c030c14c9c146e3c955181fe304c3950a1f97ea4cfeb472bc563088,06c892928e8e8e61,1,活动截图:32:13,1
活动截图,33,开宝箱openBox/openBox1,image320.jpeg,116,136,thumbnail_or_crop,20.24,168.312,0.0273,39.743,7.6301,a397b1cb903f3d354d455b33623435fc88a99e2df1a787620fd9c8945a7be3d9,e5ee3971b1c1a69c,1,活动截图:33:1,1
活动截图,33,开宝箱openBox/openBox1,image321.jpeg,150,148,thumbnail_or_crop,18.16,171.393,0.0423,21.526,7.3044,3eb707278db157bc97aea53efde198e0ddb4c1e4b4f39de1bcb73f360ff4100a,03d61b59d1d12313,1,活动截图:33:2,1
活动截图,33,开宝箱openBox/openBox1,image322.jpeg,132,128,thumbnail_or_crop,19.37,176.269,0.0349,42.214,7.5178,15dff341fee853d06333c9ddc1ba8645730c0de7b8692d139541daa160c6d99e,5d538d494d67673b,1,活动截图:33:3,1
活动截图,33,开宝箱openBox/openBox1,image323.jpeg,146,152,thumbnail_or_crop,20.42,174.029,0.0172,49.315,7.3873,b3c06d23af760b6a81a5f4e6c064bdfd8ed242a092ba14f13cff436dfc25b292,7cd22d333f2e5753,1,活动截图:33:4,1
活动截图,33,开宝箱openBox/openBox1,image324.jpeg,744,1622,full_page_candidate,89.22,121.483,0.0666,2202.192,6.1422,37387794407fac541bad4ac912fb80952d2d900d6574a2c88a1b7419e3679b94,86f066e4c39a8641,1,活动截图:33:5,1
活动截图,33,开宝箱openBox/openBox1,image325.jpeg,752,1616,overlay_or_dimmed,56.06,51.435,0.7921,2610.304,6.0126,c64161d66d5bc51a2455a375ccda84ba685f47562b9f3bf208a307fc7cec2bf2,6ab2f1f160717169,1,活动截图:33:6,1
活动截图,33,开宝箱openBox/openBox1,image326.jpeg,746,1624,full_page_candidate,90.28,116.245,0.235,2358.719,6.9971,85bfcab516c085690e8e2a76961bd028bf93b0e062285b03616c4da6920417da,f6b2b0e47b274dc9,1,活动截图:33:7,1
活动截图,33,开宝箱openBox/openBox1,image327.jpeg,742,1614,full_page_candidate,89.96,116.145,0.2334,2254.364,6.9341,931a026353bfe43cad25d9773711b990a36fe46f57ce9f643e0cfeb0b4f19502,f0b2b06473334dcd,1,活动截图:33:8,1
活动截图,33,开宝箱openBox/openBox1,image328.jpeg,750,1618,full_page_candidate,90.0,115.254,0.2371,2379.839,6.9375,f864b78deccdc848c08c51f9b7e7763c63d3bd1ddb1eba7b163a3d1dc2a55998,f0b2d0c44b36cdcd,1,活动截图:33:9,1
活动截图,33,开宝箱openBox/openBox1,image329.jpeg,748,1620,overlay_or_dimmed,57.2,53.854,0.406,1219.394,6.3845,3ccae7231a516d594e800449cd8d852b486e25427a146561f40fd90f841a4f03,f0d0d8f0f1e3e1cd,1,活动截图:33:10,1
活动截图,33,开宝箱openBox/openBox1,image330.jpeg,752,1620,full_page_candidate,90.62,119.012,0.2421,2243.759,6.9275,3bb6d1d30078bda468aa2bb7302686bd9526df9e861d741c97e7e6093d196fa5,f0baf8f049b2cdcd,1,活动截图:33:11,1
活动截图,33,开宝箱openBox/openBox1,image331.jpeg,748,1618,full_page_candidate,89.91,113.824,0.3754,2231.738,7.0143,5124465470593d7db8a2092b2fdb4ddd8fe47f3670c060b7f1be342e3d2d4493,0bf066e4c39a8640,1,活动截图:33:12,1
活动截图,34,进度活动collectionAct/collect1,image332.jpeg,122,118,thumbnail_or_crop,16.01,177.036,0.0009,21.424,7.0712,06bf2016aab2d2098b6d4a2dc119c211a33c2e22947d53242c16902f13643d71,c8ceba9a98924c11,1,活动截图:34:1,1
活动截图,34,进度活动collectionAct/collect1,image333.jpeg,134,166,thumbnail_or_crop,22.01,163.613,0.0026,50.139,7.3783,b4f974881005aa8629817db8365aee19acffd32f4b6b87925c7d18abad11a6f1,03d15868361e1751,1,活动截图:34:2,1
活动截图,34,进度活动collectionAct/collect1,image334.jpeg,746,1614,full_page_candidate,93.0,136.779,0.3432,2025.734,6.8116,d0064bf17119458613e5b5231ac4bf5981c21a59c9f3c3a1d998cb6527116e29,4fcca6c996968e5b,1,活动截图:34:3,1
活动截图,34,进度活动collectionAct/collect1,image335.jpeg,748,1614,full_page_candidate,92.27,135.898,0.2939,1560.74,6.5194,c16844b39d5299d9b396b79efb185d4ac11b5b41916a7d832b1144f3ddc2f102,ccccb6b4b4b4b4cb,1,活动截图:34:4,1
活动截图,34,进度活动collectionAct/collect1,image336.jpeg,250,158,thumbnail_or_crop,20.81,202.41,0.0012,307.002,6.1348,1800c5296e75eed5840e68f7b6d4f04109f4b96a732e2414844ff61541da7cdc,4652c6c68ececc93,1,活动截图:34:5,1
活动截图,34,进度活动collectionAct/collect1,image337.jpeg,524,204,thumbnail_or_crop,34.12,187.857,0.0011,1591.628,7.0692,de0640165ed1f36f764e3abc4c19d5826bd75acbb28ad4962519775e4471938e,2ac244edd9d9df68,1,活动截图:34:6,1
活动截图,34,进度活动collectionAct/collect1,image338.jpeg,750,1622,overlay_or_dimmed,55.12,57.133,0.5721,693.731,5.8177,fe31cdcfc6be61bd83911c3ec7a3c347bbabe6c86071f0f5b0de1cf1ab6c8a1c,0ef0c4f0f169c4c0,1,活动截图:34:7,1
活动截图,34,进度活动collectionAct/collect1,image339.jpeg,746,1620,full_page_candidate,92.53,135.092,0.3413,1443.725,6.6884,b0ab2a361e6eb3307968f351f6c974c934b64adcb1eace174c42bf2a725f9b8f,0eccaeba9c968e22,1,活动截图:34:8,1
活动截图,35,小火车,image340.jpeg,118,130,thumbnail_or_crop,21.24,152.972,0.0206,25.323,7.5231,6b38b14ac40124237941f33a83c6207761f66e064dc680e1adf06592d3d21647,e566463a3a6cacb1,1,活动截图:35:1,1
活动截图,35,小火车,image341.jpeg,130,140,thumbnail_or_crop,16.86,172.943,0.0187,15.273,7.4824,6e729cccea47c308e6a28a761969485d4fcf5c1f9eb288c618a5b3ca6f3eed08,b1e4274b3b2f2f9e,1,活动截图:35:2,1
活动截图,35,小火车,image342.jpeg,118,126,thumbnail_or_crop,21.31,149.395,0.0257,24.63,7.3267,4851428a16df32b4c6031a84a7968bf1e8a78a51ef98e9ae9652bde49eb6fe65,f171479b1f2694c1,1,活动截图:35:3,1
活动截图,35,小火车,image343.jpeg,132,146,thumbnail_or_crop,20.76,179.63,0.0177,80.172,7.3881,48ffd1f68a14cfc7af01c1acfe0e6fe4b7bd3392446604504ce460051fb11d96,2d0d6963e7ef4763,1,活动截图:35:4,1
活动截图,35,小火车,image344.jpeg,138,152,thumbnail_or_crop,15.95,179.556,0.0078,20.135,7.0405,8b059afc724e6b4a4916ab4bdc606a8e388f80c9c369d0f049cd4e1f2976e707,8d2eab67b18d8c75,1,活动截图:35:5,1
活动截图,35,小火车,image345.jpeg,750,1326,full_page_candidate,91.34,151.218,0.1143,2420.905,7.1274,21e5c39d423e32e5102aa6230664393d4a7d81dbdc4f6510575e427fca1bf408,f0ebb999b9ae8e86,1,活动截图:35:6,1
活动截图,35,小火车,image346.jpeg,748,1328,full_page_candidate,86.95,177.125,0.0305,4681.55,6.9736,89e2e2822cb9ad6bd52c76105151a829fc32fa3a14a3c8a21c7b667020ca7ebf,d4319292e4e28a8e,1,活动截图:35:7,1
活动截图,35,小火车,image347.jpeg,626,1114,thumbnail_or_crop,44.51,184.88,0.0026,2432.383,6.9,514ba63dbb8c5209eb0ef8d4eba0489c442660b9e388f6bd7a3f7fa7f6ca059e,d4329e72f28e868c,1,活动截图:35:8,1
活动截图,35,小火车,image348.jpeg,618,1110,thumbnail_or_crop,48.39,132.788,0.0052,2311.534,6.7697,8c6fa1736a692958bddec32539021651675b1abb53ac787a266d6d054a7f320b,d5339af265457171,1,活动截图:35:9,1
活动截图,36,勋章挑战,image349.jpeg,138,134,thumbnail_or_crop,10.32,174.658,0.0,2.622,6.7182,1ef3812948dd4ea3dc89774407a051b62e9c80fcdcd823bec1840369d487eac9,f1aca6b0b0e2a464,1,活动截图:36:1,1
活动截图,36,勋章挑战,image350.jpeg,856,1860,full_page_candidate,94.14,141.344,0.2563,579.836,6.7,f5e5218d3db8f1436ce76003e39f452d52fbcbdbb19dc4f6cd7a1f717c59741f,c4b133f0cc848678,1,活动截图:36:2,1
活动截图,36,勋章挑战,image351.jpeg,858,1854,full_page_candidate,97.66,147.334,0.1074,1719.802,7.2985,aa3a1b3a4981b66b824de00302b418020e3ae028b119de6bb6a6f98da77af643,84a4d6969696b29a,1,活动截图:36:3,3
活动截图,36,勋章挑战,image352.jpeg,852,1870,full_page_candidate,97.12,148.789,0.1129,1784.817,7.2007,55de301da10e746e66dde2920f9a52b710b03dd8f5927543cc786fa0baffef8d,84a4d6969696929a,1,活动截图:36:3,3
活动截图,36,勋章挑战,image353.jpeg,862,1856,full_page_candidate,97.87,147.568,0.0875,1624.687,7.3855,8ae1a9bf6ddea37f9e578e8ce9c235f26142965772528e38e39621bb7c73c5a8,84a4d6969696ba92,1,活动截图:36:3,3
活动截图,36,勋章挑战,image354.jpeg,858,1878,full_page_candidate,97.42,148.544,0.0818,1447.832,7.2763,232e47099c7dcd743ad78efbdd07befc8d641a07fe88f29f7c5419c75ad5fd6e,8484d69696968e96,1,活动截图:36:6,1
活动截图,36,勋章挑战,image355.jpeg,826,260,thumbnail_or_crop,39.3,172.406,0.0,504.818,6.8711,35bebfb21c6c3995a5ed9ee187dd2d3cad8ce09676645f354500e128715d1ec9,26c64579a9e8c44e,1,活动截图:36:7,1
活动截图,36,勋章挑战,image356.jpeg,786,1714,overlay_or_dimmed,56.55,54.746,0.783,1186.842,5.3643,76ad4b17a7f8a6dcb1a755aef389fcd401289a3690a32740f796eaaeff83ea77,a7d8f0f45571334c,1,活动截图:36:8,1
活动截图,36,勋章挑战,image357.jpeg,796,1716,full_page_candidate,95.52,141.362,0.2541,1070.654,6.915,670e012babcba9521ac4396ed163e94a91a836b0416e486aa5af976fae6bd815,86f1332e8a86867a,1,活动截图:36:9,1
活动截图,36,勋章挑战,image358.jpeg,740,1624,full_page_candidate,91.99,138.044,0.2862,844.594,6.6339,5c1345a3a6e73158ebf1f35786d3a87c45bbcf252419f393791988b81512a19e,c6f1312e88c48e72,1,活动截图:36:10,2
活动截图,36,勋章挑战,image359.jpeg,738,1626,full_page_candidate,92.88,143.997,0.2619,812.731,6.674,36a49734fd95ccd6f2d822166f6a06073a82baf94deeadbc47b567c512d9ca46,c2f1332e88c48e70,1,活动截图:36:10,2
活动截图,37,合作活动,image360.jpeg,160,150,thumbnail_or_crop,17.05,167.021,0.0176,15.407,6.8418,84b51cdd6f96146519ad49ebe9b291b7b9b6dd27ca92df446a400182a01f8e31,30980ab4985e76b2,1,活动截图:37:1,1
活动截图,37,合作活动,image361.jpeg,162,178,thumbnail_or_crop,15.07,180.541,0.0,15.514,6.7583,3e76df17332ae2e73af6d592e7fc1b1c7f97523fae9947cb5a4c26493d35dd20,172b22333b475733,1,活动截图:37:2,1
活动截图,37,合作活动,image362.jpeg,790,1736,full_page_candidate,93.69,128.486,0.2562,1399.637,7.0173,4ffe5835d0eec63d3e86d6568e06113b793c95a5911071da364c91992a43a4fc,a1e014b4e29e8671,1,活动截图:37:3,1
活动截图,37,合作活动,image363.jpeg,792,1744,full_page_candidate,93.83,135.083,0.1857,1260.496,6.5821,9ab498c539634d82fe4892fc3d87038a5f08bb5eb9c6b4598f4342dc6045450c,46e8a8e2e2e2f20d,1,活动截图:37:4,1
活动截图,37,合作活动,image364.jpeg,798,1740,full_page_candidate,84.44,76.991,0.255,2438.052,6.3941,13cef3a76af5695c01047064f4cadf3906b91d9f3b0e6a925e48ed6476dd0246,d6f0e8f0f869e868,1,活动截图:37:5,1
活动截图,37,合作活动,image365.jpeg,800,1808,full_page_candidate,90.69,179.902,0.0045,1180.002,6.8799,d23329d68588963fd43e0887997eb4e6efc2249ee2e25d155c16b1ca17d5c892,4dcc96d4e0a8aaa6,1,活动截图:37:6,1
活动截图,37,合作活动,image366.jpeg,800,1748,full_page_candidate,90.99,178.853,0.0007,1537.545,6.9452,3e4be904db47808195d36ce12dec1bc34bf772c7a57d4499aae9bb24604bb4b7,4ccc96f6b6e8aa86,1,活动截图:37:7,2
活动截图,37,合作活动,image367.jpeg,802,1744,full_page_candidate,91.21,177.432,0.0045,1604.145,6.927,b92e4ea73c8b0e12e188e7d8bdb3519e4b25d39ad48be5d3c31973cd4f491364,cce068deccf9cccc,1,活动截图:37:8,1
活动截图,37,合作活动,image368.jpeg,802,1746,full_page_candidate,91.06,178.945,0.0007,1686.406,6.9666,d66b41796eb2890491e52aac5b180ba51711ffb5574f64df45ec0afb11108f1d,4ccc96f6f6e8aac6,1,活动截图:37:7,2
活动截图,37,合作活动,image369.jpeg,788,1722,full_page_candidate,94.9,143.271,0.0003,654.784,7.2739,3bf772e5f96ec166c99705e33e6de1ee6210f4215375351b82f4f376403202d9,69e0f0d8e8b2f0f0,1,活动截图:37:10,1
活动截图,37,合作活动,image370.jpeg,802,1730,full_page_candidate,96.78,144.906,0.0034,1037.188,7.2448,71ccb4b9d72d3e6b48182a61dab61bb05987a458bee080af9b3be7ca2a9e495d,61e0f0e0cc9ed0e8,1,活动截图:37:11,1
活动截图,37,合作活动,image371.jpeg,792,1730,overlay_or_dimmed,60.91,66.814,0.6817,1554.204,6.475,f41c6d65a019400166e265770d4953b57ac782ce3e4b5fb68fd1a75feb12adf8,71d4c8e8f5aaaa71,1,活动截图:37:12,1
活动截图,37,合作活动,image372.jpeg,804,1726,full_page_candidate,95.17,140.215,0.0454,1264.473,6.7382,f63b50f16da62c4aa66b37ba0d1d531a7edbe06d7e7b77bd178f04ee4ceebeeb,d2e4a6e8ba8e8e70,1,活动截图:37:13,1
活动截图,38,丛林冒险,image373.jpeg,154,156,thumbnail_or_crop,18.19,167.605,0.0208,17.262,7.2812,9148866fbdcc16098051e00905c0570cd2205b2a8af69f2f9882d2c6682a6696,64644a0c1c3a24dc,1,活动截图:38:1,1
活动截图,38,丛林冒险,image374.jpeg,178,204,thumbnail_or_crop,17.88,181.404,0.0,27.818,7.0779,503b846b6c279fdb94727354ff44234d8d3af709a7f8fe14e67dc2d769c8861b,079335356b070f23,1,活动截图:38:2,1
活动截图,38,丛林冒险,image375.jpeg,788,1728,full_page_candidate,95.54,142.474,0.0325,1845.077,6.8731,4c4840ca9a01ad45eb97d64c0929f3556150528be09c12086ad84b474d6a49ac,927159383a8e9cf0,1,活动截图:38:3,2
活动截图,38,丛林冒险,image376.jpeg,798,1714,full_page_candidate,83.54,76.751,0.1711,2324.652,5.9901,e9896a9a162b38628df7ee9dbfa53cd9ddff26002a58047fab5030184b959e32,333369f160697169,1,活动截图:38:4,1
活动截图,38,丛林冒险,image377.jpeg,796,1726,full_page_candidate,89.04,186.017,0.0002,2523.771,6.5861,6838a1f8e90216f82f3a327e16a6c5bad781c85bc33fdc9c9d64a63caa9114c1,31076abaac2e83ad,1,活动截图:38:5,1
活动截图,38,丛林冒险,image378.jpeg,794,1726,full_page_candidate,96.67,144.614,0.0002,2109.34,7.1997,97d3bffe817b3a812e27aef410923bccfd8e254278c79279e1bf64e5a191e50b,e8d4ac1495969696,1,活动截图:38:6,1
活动截图,38,丛林冒险,image379.jpeg,788,1718,overlay_or_dimmed,60.47,69.127,0.7096,1208.923,6.1303,dac421387bd2d1b81e4b13e4a6ad5ba7e84b42fcbbf5cbaf3398601d628f11be,f1f4c8d8d46968f0,1,活动截图:38:7,1
活动截图,38,丛林冒险,image380.jpeg,790,1736,full_page_candidate,95.65,143.507,0.0288,1855.841,6.8347,c48294426995a2e2776e471ebc86e98964fb98422b819ecba9893de8b396cc90,b271583832829ce0,1,活动截图:38:8,1
活动截图,38,丛林冒险,image381.jpeg,790,1734,full_page_candidate,89.09,185.868,0.0002,2616.563,6.6457,fa107cdeabe80012bd56a3a4e1c313fdd3be524a65030d06543cb4ad83480970,310f6ab25a6c1bbf,1,活动截图:38:9,1
活动截图,38,丛林冒险,image382.jpeg,794,1724,full_page_candidate,95.76,143.448,0.0316,1802.219,6.8582,bc86fb7db05375c3e040dae33c40937be357081b7e57fad29cf5f455205b9ac9,927158383a868ce0,1,活动截图:38:3,2
活动截图,38,丛林冒险,image383.jpeg,792,1738,full_page_candidate,90.33,180.972,0.0003,2920.621,6.8557,0602474435103d41707df4d28c7084ce1ca8f1d45bfbf856b860641d4cfdfa60,31076aab855629bd,1,活动截图:38:11,1
活动截图,38,丛林冒险,image384.jpeg,788,1726,full_page_candidate,95.53,144.343,0.0331,1373.668,6.7341,48b43e804429349cb72b1ace3a6a621eabb37e87a3072d7c6293950e3fe59dfa,96717838300e9ef0,1,活动截图:38:12,1
活动截图,39,浮空岛换皮（闯关）,image385.jpeg,814,1740,full_page_candidate,94.19,134.399,0.2917,1231.148,6.6261,056dd70cde3f660595957eebf24ffb0ee14f0c6eb9fc79e5b9bb667053f275e6,82b86873f08e8e71,1,活动截图:39:1,1
活动截图,39,浮空岛换皮（闯关）,image386.jpeg,800,1718,full_page_candidate,95.05,149.992,0.2419,1573.186,6.7302,205cea41f7c01f3e985ca00f23825d78e053d63a5bd8a6b34fb401e863c433f3,d4b28a8daa0b8e69,1,活动截图:39:2,1
活动截图,39,浮空岛换皮（闯关）,image387.jpeg,820,1748,full_page_candidate,91.8,172.239,0.0003,2556.792,6.6802,cd233b697aca2b2606357330dd627b4749710591a63c4d4a687a1867893ff145,3369f055d39da2c4,1,活动截图:39:3,1
活动截图,39,浮空岛换皮（闯关）,image388.jpeg,814,1744,full_page_candidate,93.07,124.63,0.3288,1467.182,6.8207,f1a1c22902d3b4a130701ffa03fecabb08459583b3b2db4e360f946dcd9605bb,337196ba9ed6b24d,1,活动截图:39:4,1
活动截图,39,浮空岛换皮（闯关）,image389.jpeg,810,1740,full_page_candidate,86.33,99.664,0.1003,761.416,6.0614,b5bd3cca93613d37ff0cdbecead27f1fe5c7610892a6db54ac21de0ea0f5f7cc,9633f0aa82a2d4c4,1,活动截图:39:5,1
活动截图,39,浮空岛换皮（闯关）,image390.jpeg,810,1728,full_page_candidate,91.7,171.806,0.0002,2443.941,6.6796,ff89b2bf6e20ce827d7704b2aeb350be00fe3fc11b670ab05b361f90d7c697f4,3379f14555d6468c,1,活动截图:39:6,1
活动截图,39,浮空岛换皮（闯关）,image391.jpeg,808,1820,full_page_candidate,91.64,115.629,0.0583,1952.84,6.8584,71eda8af03c39d61180f2cc407c67e2e236d9ad769c3b10b2cedd6519896df5a,9231b16971c8ccf0,1,活动截图:39:7,1
活动截图,39,浮空岛换皮（闯关）,image392.jpeg,810,1738,full_page_candidate,90.64,170.136,0.0,1450.749,6.0633,6836ee9be48a0f06a535e78aaf80c176527e33c3a43a0f044ceb36c6541e91a3,1f9a8f79f1ed0250,1,活动截图:39:8,1
活动截图,39,浮空岛换皮（闯关）,image393.jpeg,804,1746,full_page_candidate,94.36,142.29,0.2747,1090.393,6.2153,a3657c6f75b5ed8c9ae69540b271a4124b41fffce2d32441b2658d1226cbffe0,17b869f3f18e8e31,1,活动截图:39:9,1
活动截图,40,段位赛,image394.jpeg,136,122,thumbnail_or_crop,13.03,182.936,0.0,10.428,6.9695,9878090937c16cb3b8dbc7ea04096b4fe32063ddffaa54dc1953bb63eda8e910,f293d9a462632393,1,活动截图:40:1,1
活动截图,40,段位赛,image395.jpeg,122,130,thumbnail_or_crop,11.63,185.786,0.0,8.393,6.8883,4dbc3e4680e906c5f7b67d35c3863db569cf0a9d9a2dd5afb1b60ac0fb9f94b4,79f3c98cb371329f,1,活动截图:40:2,1
活动截图,40,段位赛,image396.jpeg,748,1606,full_page_candidate,86.09,192.415,0.0054,1718.672,6.4703,1350a0416c59fa1f70b4f5999ed744f9b7dc7ea44e25b75665f2e0c08c3587bc,585ccccccccc4ee8,1,活动截图:40:3,1
活动截图,40,段位赛,image397.jpeg,744,1612,overlay_or_dimmed,58.37,67.664,0.6448,3502.554,5.9866,87d34fcc4f41e54e78f1f985439838ddc41c18d2d231ca2acc435763efed8a6a,167169e8606168f0,1,活动截图:40:4,1
活动截图,40,段位赛,image398.jpeg,744,1622,overlay_or_dimmed,58.0,64.438,0.5912,1738.459,6.0072,b57e7359dc2544f82a5443262c1f3f5af6ac5ccbdfbd504bd998217ec449ed7e,82ecd2f0ccf170cc,1,活动截图:40:5,1
活动截图,40,段位赛,image399.jpeg,744,1616,overlay_or_dimmed,57.61,59.72,0.7099,3585.814,6.1961,c796ae4fb90f109d89a7b7cbed4f82b7d157ec91e940ad5f5c50f4daee8c4d58,d67169f0e0696960,1,活动截图:40:6,1
活动截图,40,段位赛,image400.jpeg,748,1620,full_page_candidate,91.5,166.427,0.0,2164.531,7.0371,58ccf67e05859af9c0bb090e4bfd9210ac83b49c5517f276d9896c1106c150f7,4df5b0e2b13cf1d0,1,活动截图:40:7,1
活动截图,40,段位赛,image401.jpeg,750,1610,full_page_candidate,91.62,158.302,0.1655,1815.1,6.5261,62b55920e84c7a695ec9b47a866e4ca5bf3741d37d6c9fb8a6c8b1c4c9ad5d38,4fb2b2eeaaaaaac0,1,活动截图:40:8,1
活动截图,40,段位赛,image402.jpeg,748,1616,full_page_candidate,81.19,167.101,0.1509,1930.501,6.0203,7be8c81e6a9d64de297da3628b615ed3e524b7ff7f0e0cdf61ff0a406999d178,c8ceaea8b6a2bcd0,1,活动截图:40:9,1
活动截图,40,段位赛,image403.jpeg,748,1620,full_page_candidate,94.47,148.731,0.0001,2102.787,7.1313,15318b5b35587fa17b2e67fc06da3e45f7bc3661894190b6aa23f26df5966dbf,f0f2f1d4dcb11f70,1,活动截图:40:10,1
活动截图,40,段位赛,image404.jpeg,742,1612,full_page_candidate,79.48,171.157,0.1427,1488.411,5.5803,99a5f8434f17278e49c55872473d516ee4bb2191d81b57f7f56253d835f493d4,c89caea8b4a2aad0,1,活动截图:40:11,1
活动截图,41,摸鱼大赛,image405.jpeg,134,132,thumbnail_or_crop,19.28,160.616,0.0006,25.909,6.9723,5c134221132afe0872129d9e2904bd54e078fca5c3540976c97fe5a1a4e93861,336ae8d898f8c4b4,1,活动截图:41:1,1
活动截图,41,摸鱼大赛,image406.jpeg,176,176,thumbnail_or_crop,22.19,175.8,0.0043,86.598,7.1871,3e8d772c8c7b050e412ccecdcf0d5241415320256c4c6aa9e1a475eebc9bca64,5b71e5734a1f2f36,1,活动截图:41:2,1
活动截图,41,摸鱼大赛,image407.jpeg,140,136,thumbnail_or_crop,20.8,159.926,0.0009,36.126,7.0977,ca1674f5e29cfda7b29f86f691e0ee2d59a1311e6d09c53f6a58e0dc518589bd,e270cccccecaf4d4,1,活动截图:41:3,1
活动截图,41,摸鱼大赛,image408.jpeg,150,170,thumbnail_or_crop,18.38,185.149,0.0024,47.701,7.1839,40a5fbb1b1a675c6772f7260bb1b8f78b877f5d1471668c7d6de666b69db99b3,3753c95898b12633,1,活动截图:41:4,1
活动截图,41,摸鱼大赛,image409.jpeg,288,210,thumbnail_or_crop,26.25,181.062,0.0003,255.234,6.8624,a981b9b13a69631e9d0a813b803fa4e4323f72e744855ee80b51517bd3cd113c,99c6cc8c8eae2706,1,活动截图:41:5,1
活动截图,41,摸鱼大赛,image410.jpeg,752,1624,full_page_candidate,90.06,115.813,0.2954,2074.005,6.8812,d5b8baba05dfc3107c22d98e324053ef55a6a872d8a2a3c8ef630c3c8bbe729a,d6f8a42327b2b8d0,1,活动截图:41:6,1
活动截图,41,摸鱼大赛,image411.jpeg,750,1626,full_page_candidate,91.99,127.363,0.2269,2315.52,6.9459,d2e3b52671701c3021503e99d7c9a33531003b8f27e6e7eca2033ee65a2c002e,e2e89cf0bab8a686,1,活动截图:41:7,1
活动截图,41,摸鱼大赛,image412.jpeg,746,1618,full_page_candidate,93.06,130.526,0.2448,2488.379,7.2834,f3ff0b809e34d612e7e9937c0db57e8789d46d953579c6fe970baf4c830396d3,d2f0ec8e8b4d4ce2,1,活动截图:41:8,1
活动截图,41,摸鱼大赛,image413.jpeg,748,1618,overlay_or_dimmed,57.11,59.462,0.7592,3362.8,5.9396,b5cdebb868117209d9be35da2dc65f5615b04b2072970780d81727cb88a69c2a,c6b0e9f168716069,1,活动截图:41:9,1
活动截图,41,摸鱼大赛,image414.jpeg,744,1618,full_page_candidate,94.03,139.465,0.1619,2910.593,7.0966,e0d66d0af7530df15c699f3af25dbe454632cdd450096b81e07c6c7a3d18cc1b,b6e89ce0a2a2aeae,1,活动截图:41:10,1
活动截图,41,摸鱼大赛,image415.jpeg,748,1622,overlay_or_dimmed,50.72,33.575,0.8576,703.378,5.4773,e088b196be02c40faac4ad39d6a409d90650b2c8b57f01ab897a26d7121cce1d,e2e0e0f0f1b1f28e,1,活动截图:41:11,1
活动截图,41,摸鱼大赛,image416.jpeg,748,1620,overlay_or_dimmed,61.41,85.634,0.521,1071.061,6.0588,b65b66da27fa0aa96e2d354f0a41a451a89502dceded1a0a20e089ea31d7da7b,c691f0a286aa4cc0,1,活动截图:41:12,1
活动截图,42,2v2,image417.jpeg,144,140,thumbnail_or_crop,21.73,133.29,0.0705,37.728,7.1848,156de70bd588709675f22bcd7c5c723896d55a5aeaf248424c1af22c2ae3537e,7ce4c48aaa8ac4a0,1,活动截图:42:1,1
活动截图,42,2v2,image418.jpeg,160,204,thumbnail_or_crop,24.75,168.595,0.0088,115.426,7.441,55b32dabc65280492a005451828db38b9d0a0783bebbd8d99620ff1a9aa2bff1,b81b717179070731,1,活动截图:42:2,1
活动截图,42,2v2,image419.jpeg,148,132,thumbnail_or_crop,22.55,155.691,0.0205,43.392,7.2991,9f1278c39c5ab09f0cbb2bb4f6db6763e1182edbb2f4dbaef2cd0a7675eeb78b,e0b28aecb8e8c4f0,1,活动截图:42:3,1
活动截图,42,2v2,image420.jpeg,148,138,thumbnail_or_crop,22.94,156.322,0.0251,48.123,7.3505,f65255db8fe6f7b0b867a731b588566af41007c094008259bf8e54f38b97c043,e0b288f0b1d8c4f0,1,活动截图:42:4,1
活动截图,42,2v2,image421.jpeg,170,196,thumbnail_or_crop,23.32,174.985,0.0078,102.091,7.3748,649805e6bc71f8224f4162c055182b36420a9f848daa260d70c63232d43b9c7b,4d9b74756927273b,1,活动截图:42:5,1
活动截图,42,2v2,image422.jpeg,748,1610,overlay_or_dimmed,57.05,56.793,0.7104,3045.01,6.1455,5aa774a7c3a6afb7f26d3fdcec117bc0edf07113879e418ef6807b90a983445b,e671f9f0687160e0,1,活动截图:42:6,1
活动截图,42,2v2,image423.jpeg,746,1622,full_page_candidate,88.74,106.895,0.3259,2284.875,6.9725,e4cf14d14b57d41b1728ea9ba35d8020162130f8f1cabe1a65e3bd1b063dc176,c6d8d0c68fb2b0c4,1,活动截图:42:7,1
活动截图,42,2v2,image424.jpeg,752,1624,overlay_or_dimmed,55.91,56.446,0.6071,873.008,5.8753,968470e531e34affab7e00eff9a26247619566d32c60aaa92482695d603adbaa,c62d6270f33b54d0,1,活动截图:42:8,1
活动截图,42,2v2,image425.jpeg,746,1622,full_page_candidate,88.42,103.606,0.3178,3254.34,7.065,4bb9dbf3efd7fc9de94c99dbe9b77c2f661b0a346791d0cc21ca7f9fbcce9cb2,de84e175ccb2968e,1,活动截图:42:9,2
活动截图,42,2v2,image426.jpeg,748,1610,full_page_candidate,88.47,104.029,0.3106,3273.641,7.0927,00b0b3823e3ac11f80e1fa0b9c4440587ce2e58c245c8ec287b9022624d34665,ce846955ccb2968e,1,活动截图:42:9,2
活动截图,42,2v2,image427.jpeg,750,1622,full_page_candidate,88.62,186.808,0.0039,5682.78,7.1549,13053ad112433fc020b17c8f9a67bbd11f088a159961a574503962aae8f89c4c,96b23424c72c5cd0,1,活动截图:42:11,1
活动截图,42,2v2,image428.jpeg,742,1620,full_page_candidate,90.0,114.126,0.3097,2546.042,7.0721,853565227c2af6c8b21ad17755f6379acb8110e909c9e030d890782325c9917b,d28c3350ccb2ce8e,1,活动截图:42:12,1
活动截图,42,2v2,image429.jpeg,748,1618,full_page_candidate,88.15,101.754,0.3158,3235.275,7.0762,c9554addfed32d79ee11beebcea2c9dc488453c6ad3af30938d124888468dcad,ce8c794dc5b28e86,1,活动截图:42:13,1
活动截图,42,2v2,image430.jpeg,746,1622,full_page_candidate,89.2,106.528,0.2689,3159.262,7.2171,d78eaec78631b7781f0754daad50de3a6ba11b3d8293269a32a4070324359899,ce8cf1c5d3f69e86,1,活动截图:42:14,1
活动截图,42,2v2,image431.jpeg,748,1618,full_page_candidate,88.6,104.146,0.3033,3074.264,7.1112,391322a02a90ab800642dddb220f97cab5c6efe4aceb32bab9d4fb28e60c81b9,c68c735cddf2868e,1,活动截图:42:15,1
活动截图,42,2v2,image432.jpeg,752,1620,full_page_candidate,89.5,110.281,0.3144,2338.527,7.0422,45f089b0816cdcf9ecce9b5a524a63b8b2824f98523e36f6cc2fb7ca79ca6c4b,dccc134dccb2ce86,1,活动截图:42:16,1
活动截图,42,2v2,image433.jpeg,752,1628,full_page_candidate,84.35,203.229,0.0015,2982.568,6.3181,051e43984ae6d897ce6037e5f5017e28642fbbf5cd263c1ccdbe4e5f288b40f6,96e9192ab482d4dc,1,活动截图:42:17,1
活动截图,42,2v2,image434.jpeg,746,1618,full_page_candidate,90.38,116.457,0.3073,2584.131,7.0558,cd550f81aa32ac343096e4b73a8571e5be2f68ef1f072a3ffcbc2caa17ea4b8f,d6cc33d1ecb2ce8e,1,活动截图:42:18,1
活动截图,42,2v2,image435.jpeg,746,1612,overlay_or_dimmed,46.37,29.102,0.8691,236.887,5.3624,a5749696c9d21cfbc09c9f28386a336b334edc325f853be9ca6f9983b80c217b,d2e417f0f193b28e,1,活动截图:42:19,1
活动截图,42,2v2,image436.jpeg,750,1614,full_page_candidate,86.38,92.493,0.4151,1687.973,6.9279,abe4a0d81d4c9303f3f01109e380ef9a660a07f0d4ba4ecccc225cefe4e82f2c,c6f878606313a215,1,活动截图:42:20,1
活动截图,42,2v2,image437.jpeg,740,1612,full_page_candidate,84.54,86.581,0.4284,1620.624,6.5851,ee26669575f37aba4ca2db633b22e9cd647a2c8e3e08e08916cd04f0f6f31fe9,dac65b18c531b213,1,活动截图:42:21,1
活动截图,43,7日任务,image438.jpeg,152,170,thumbnail_or_crop,20.21,173.985,0.0018,47.125,7.2247,9c4e65bde556d2a597e03d2dc976273830a1133bb941fdee04aab426f0331836,c9ad7978600f5773,1,活动截图:43:1,1
活动截图,43,7日任务,image439.jpeg,160,190,thumbnail_or_crop,18.66,174.071,0.0001,29.92,7.0067,66a4c53e1efbba19052e690fd6501099f9880e19f469d4e458f65c13533a91e0,528713698d9cdd23,1,活动截图:43:2,1
活动截图,43,7日任务,image440.jpeg,752,1618,full_page_candidate,94.71,147.392,0.2425,3249.608,7.1216,9104628402543b18e58a106e5906b5629f13039be0494ac21d216e6e45686b07,f0f092929a9a9a84,1,活动截图:43:3,2
活动截图,43,7日任务,image441.jpeg,744,1622,full_page_candidate,94.91,145.053,0.2409,3054.2,7.088,d9efcde964c6b5c34b48b214591d8fc19649f4472b934851d3f96d407c7cc286,f0f8929a9a9a9e80,1,活动截图:43:3,2
活动截图,43,7日任务,image442.jpeg,746,1618,full_page_candidate,94.85,146.235,0.2475,3201.689,7.151,a52e14f04ef596cb3b4930aebff6eefd3d81048fe76d1121b7f3e6ec9d220e5c,f0f8869a9ada9ea0,1,活动截图:43:5,1
礼包截图,2,1+1,image444.jpeg,196,190,thumbnail_or_crop,24.97,145.492,0.0189,39.856,7.1702,6942090596bf9c23052831823894369356e17954ab506c2f766688256f752c10,3ef8e8a8b0f0ec1c,1,礼包截图:2:1,1
礼包截图,2,1+1,image445.jpeg,956,1726,full_page_candidate,96.52,156.613,0.2193,1575.78,6.7206,6fe5b8463c1a712f0cd8f2d6df60e8c8fdb03f7852347423c0d21130055c26b4,b0b898b2b2b2b2ba,1,礼包截图:2:2,1
礼包截图,3,3选1,image446.jpeg,236,180,thumbnail_or_crop,25.91,150.572,0.0126,64.994,7.008,1c8af54c78edf9064bc2647e7492c40073772b0ba5c3749db1a5dc4e4b50d7b0,0cc3f0f133b3cb5b,1,礼包截图:3:1,1
礼包截图,3,3选1,image447.jpeg,970,1740,full_page_candidate,95.12,169.526,0.1622,1692.237,7.0132,bcd20c1082020fce58cb6634a84555e822b4779441d200d153f7c82564dafbef,fcac90caa8a8aa96,1,礼包截图:3:2,1
礼包截图,4,背包礼包,image448.jpeg,972,1724,full_page_candidate,95.11,147.213,0.1342,895.559,5.6683,29dd1607912270766affb719ca8b08549008b9c376b7bfdfcc6add253459e70c,d5e8b6aab28e8e71,1,礼包截图:4:1,2
礼包截图,4,背包礼包,image449.jpeg,972,1724,full_page_candidate,95.48,146.568,0.1328,949.958,5.7076,76eeb0fb90c72ec52b7ddd99b455109483cb3424d6a9ea1723c81eb0944191b0,d5e8b6a6a28e8e71,2,礼包截图:4:1,2
礼包截图,4,背包礼包,image449.jpeg,972,1724,full_page_candidate,95.48,146.568,0.1328,949.958,5.7076,76eeb0fb90c72ec52b7ddd99b455109483cb3424d6a9ea1723c81eb0944191b0,d5e8b6a6a28e8e71,2,礼包截图:4:1,2
礼包截图,4,背包礼包,image450.jpeg,978,1728,full_page_candidate,79.49,198.066,0.0338,1060.014,5.5776,46757a225b8522e81b7810c885957e763d9898386e11d231788e6fbad6a6c772,e2aab2b2a28e8ea8,1,礼包截图:4:4,1
礼包截图,4,背包礼包,image451.jpeg,970,1722,full_page_candidate,85.58,76.038,0.1646,790.196,6.2835,6e22e2b18cf22f2261bc433d5b5f3ee12709fddbf14b6cd8f3cc3b725c8f1cc2,3bf0ccd4d471b0d4,1,礼包截图:4:5,1
礼包截图,5,弹窗下礼包,image452.jpeg,954,1722,full_page_candidate,98.05,140.318,0.2891,1606.091,6.9316,38ba4d5fa10bbce423a80aa7bcccd9d4926547ce4b4637f36c036b3467455c48,79d4d4d0d6d4d0f0,1,礼包截图:5:1,2
礼包截图,5,弹窗下礼包,image453.jpeg,958,1726,full_page_candidate,92.47,124.537,0.3744,680.032,6.1735,3ace57aca81c0b6df428956dd1569b1bad747a2783de1ad1f0891119c5010285,51e8b2b2aab2d0f0,1,礼包截图:5:2,1
礼包截图,5,弹窗下礼包,image454.jpeg,966,1724,full_page_candidate,93.29,180.754,0.133,1595.703,6.9781,96ba23e88e6e33d6bbcadf21d3a4f2de296c4831e4d1c7410910ed8d55a83250,d08e96a8a892aa8e,1,礼包截图:5:3,1
礼包截图,5,弹窗下礼包,image455.jpeg,966,1728,full_page_candidate,92.84,173.881,0.156,1855.611,6.2614,8b51de42351776a59cb672cb76abd628881b9345d4f5eb6d2b466ca470c319e1,d0e8c686e6e69297,1,礼包截图:5:4,1
礼包截图,5,弹窗下礼包,image456.jpeg,966,1730,full_page_candidate,98.39,142.556,0.2984,1648.939,6.9257,a1dadbc4a16f354464f8a90c1d4a06dca59c1b58b21b7ea064aac79b017e4b2c,79d4d4d0d4d4c0f0,1,礼包截图:5:1,2
礼包截图,5,弹窗下礼包,image457.jpeg,962,1718,full_page_candidate,95.69,144.368,0.273,795.996,5.9954,723e97e75c22234c88a0e43ecc358208eb5be5799b8e2ce2cb6b48ab9d1d2e7b,51e88e8eaa8e8ef0,1,礼包截图:5:6,1
礼包截图,6,肥鹅礼包,image458.jpeg,1152,1744,full_page_candidate,94.41,120.441,0.3983,1554.099,6.6809,8e2a78caa0627ce6defe28d2a2eb29cef7f1b7a5b584bf9a866527915cb9f0f0,33f8ccd4d4d4c4f4,1,礼包截图:6:1,1
礼包截图,6,肥鹅礼包,image459.jpeg,1150,1728,overlay_or_dimmed,66.99,88.798,0.5429,1469.769,6.4622,33309bc5973126a50d1a6bb84c6a2d05291891a96e95036ec60252b4ac06b5eb,0f71d0dcccccdc1b,1,礼包截图:6:2,1
礼包截图,6,肥鹅礼包,image460.jpeg,1156,1718,full_page_candidate,90.89,120.287,0.4602,642.893,5.8252,50eeb9375579980adef0a6f214b600d535a3ff8ae3f63fa164f06b1c28a5d825,03e8ccccc4cccc1b,1,礼包截图:6:3,1
礼包截图,6,肥鹅礼包,image461.jpeg,1150,1722,full_page_candidate,98.92,148.367,0.1904,2170.128,7.2389,63f3b7afbecb0e75cf54c119e7bf3b4a37821ebd283f711afc34e71fad8dbd45,e8d2b6c2c6caa2aa,1,礼包截图:6:4,1
礼包截图,6,肥鹅礼包,image462.jpeg,1148,1726,overlay_or_dimmed,59.03,57.746,0.6608,640.518,5.7997,87853f43c3fb027f0b378d3a525b656f0d3d85ce120771bc62cc9dceddc6996e,03f0d4d4ccb1b09c,1,礼包截图:6:5,1
礼包截图,6,肥鹅礼包,image463.jpeg,1148,1734,overlay_or_dimmed,63.88,77.957,0.5404,768.45,6.3217,319916a60cdeffd3c0486310097cb216bffd9fafb60b0f2435700c027c3f3abb,61f1e870d1c8cccc,1,礼包截图:6:6,1
礼包截图,6,肥鹅礼包,image464.jpeg,1130,1720,full_page_candidate,91.89,179.379,0.0006,1451.259,6.2202,32886fc376df7496e4096e6a96b0887d8624b3c4812dbc8dbfd66c047f0fc7cb,0b2efcb03670c8a7,1,礼包截图:6:7,1
礼包截图,7,滚滚礼包,image465.jpeg,192,194,thumbnail_or_crop,20.34,156.365,0.0109,16.645,7.0508,fda8d43bf0e1a2f9a734b31ba1a73eae0edcde004f2e62222ee4eb5c0ed60df0,0ed891c8c939cd79,1,礼包截图:7:1,1
礼包截图,7,滚滚礼包,image466.jpeg,966,1730,full_page_candidate,97.62,151.12,0.2775,2235.061,6.8353,83e40269a955699297391a6dc1fda5c4492120fe6f6e024909b5eaf7e5cd11c0,8a86aa8c8ccacc8a,1,礼包截图:7:2,1
礼包截图,8,节日礼包,image467.jpeg,186,182,thumbnail_or_crop,21.38,146.568,0.0156,15.348,7.0283,edb43bb58e2f1c8d46759039957f5775a68c245b8e8e20067cb34e10736057d3,6cf1c844cc98f45c,1,礼包截图:8:1,1
礼包截图,8,节日礼包,image468.jpeg,966,1730,full_page_candidate,99.12,146.829,0.2873,2244.762,7.2208,f7fc1b4dfd2855bd1c089f4114412eed02ea5241b2c5a4954fdbb76348cc6586,49c88ee88ee88acc,1,礼包截图:8:2,1
礼包截图,9,能量不足礼包,image469.jpeg,160,206,thumbnail_or_crop,15.16,192.18,0.0,21.46,7.0913,4808958a2ffd37a7821e09254457269ec5e75719404f219190efeb6042b9f79b,1c3131617996ced1,1,礼包截图:9:1,1
礼包截图,9,能量不足礼包,image470.jpeg,972,1728,full_page_candidate,99.03,141.294,0.1325,1519.264,7.3182,04655e74a0d4ef02e5ceb2df843110afbfe3cbb18599af8bd2f7286f176cca78,eab2f4f494aa8ce8,1,礼包截图:9:2,1
礼包截图,10,等级礼包,image471.jpeg,164,178,thumbnail_or_crop,13.38,198.307,0.0151,21.506,6.7971,ec9f93252134e43fe82f6034b57512c9d31c6a9e0388a1c26ad53a3b594b946e,64a4a8e9a5ad874e,1,礼包截图:10:1,1
礼包截图,10,等级礼包,image472.jpeg,186,178,thumbnail_or_crop,16.1,174.813,0.0,13.905,6.7822,d37e274a647393762afec32c7c96ee4eb0a0be31b02b4d0743295ba896e01dc9,e9c8d3cacbcb6399,1,礼包截图:10:2,1
礼包截图,10,等级礼包,image473.jpeg,978,1726,full_page_candidate,97.37,158.845,0.1112,1843.543,7.2836,b494f7f607f10d016a20b846a6b7fb85425f9399a9b9773be420b5f0960a1b38,c6c4e8ea86949c8e,1,礼包截图:10:3,1
礼包截图,11,瀑布流礼包,image474.jpeg,222,224,thumbnail_or_crop,26.72,147.283,0.0175,64.35,7.0769,f813baffa0c8d29e75a7ed9e37a200614453ad0bdfa6796c9a5c7851d90746c0,4cf9e0c9f1f959c9,1,礼包截图:11:1,1
礼包截图,11,瀑布流礼包,image475.jpeg,950,1720,full_page_candidate,94.34,166.497,0.1736,1694.188,6.4245,2dfd8dc22614e03cfcd8a9ae40470c71f9d55aa83a33249ce3888a88c59134b2,c4b0ae8eae86aa8e,1,礼包截图:11:2,1
礼包截图,12,三选一相册礼包（金色）,image476.jpeg,140,188,thumbnail_or_crop,23.72,158.307,0.0012,94.403,6.7258,ee8176903c18534cb8a66ecf45d9ec73dfb232c4eafd0175014470b87abaeb0d,6b0fe4b2a8f94b01,1,礼包截图:12:1,1
礼包截图,12,三选一相册礼包（金色）,image477.jpeg,974,1734,full_page_candidate,98.71,144.46,0.3021,1822.626,6.9365,cb67a4d0d3427d99aa17a11a304a0bd323f94d5d9cf2bfbda78841f465f4beee,69e888aaaaaa8cc8,1,礼包截图:12:2,1
礼包截图,12,三选一相册礼包（金色）,image478.jpeg,968,1736,full_page_candidate,98.36,146.788,0.2975,1647.569,6.8626,144018a398a10d4403bb7902f994c94aef2df0a0b0db41cafa3bbb1fc195b26d,69e8b2b6a6aa8cd2,1,礼包截图:12:3,1
礼包截图,12,三选一相册礼包（金色）,image479.jpeg,820,1412,full_page_candidate,77.56,179.884,0.1976,1659.816,5.5886,eaddefd077ecc9747aeeb3ce167e0dc4df30b53ecc3b795d72fb55b4f7d9e6f6,e08c8ed22aaab28a,1,礼包截图:12:4,1
礼包截图,12,三选一相册礼包（金色）,image480.jpeg,972,1726,overlay_or_dimmed,60.71,61.931,0.6439,675.126,6.2037,cf89e07484d73f1d9024f9bd7d2f8284ba433d34267630b250df67e3be62159b,0ff0d4d4d4696086,1,礼包截图:12:5,1
礼包截图,12,三选一相册礼包（金色）,image481.jpeg,956,1708,overlay_or_dimmed,50.29,31.659,0.8714,406.8,4.2848,1c85f2dbfaabc8a258b876c0489d168d56c6c35e5635c1a1eb9be3f6a884fcf1,d8a4e232b38da005,1,礼包截图:12:6,1
礼包截图,12,三选一相册礼包（金色）,image482.jpeg,964,1730,overlay_or_dimmed,51.42,36.46,0.8578,442.731,4.3356,cab365dc1cdb32c195b4586761a72b534eda6bd2090dd97f3a94dae330ae45e7,ccc4b2e8912dc2d2,1,礼包截图:12:7,1
礼包截图,12,三选一相册礼包（金色）,image483.jpeg,974,1710,overlay_or_dimmed,54.91,45.408,0.7958,633.605,4.7912,58f1056dccdc41a4f20e50f9ba35e70d8a085bc010ef69c70f6a0f1a4a149e65,cc84697969696071,1,礼包截图:12:8,1
礼包截图,13,三选一相册礼包（普通）,image484.jpeg,210,230,thumbnail_or_crop,20.38,137.947,0.0111,14.498,6.6427,66ed388fe94a7c54db8946949d7532a572dec06ec9c06ec0d4add0a09bb4e7ee,0e68c28969c159c9,1,礼包截图:13:1,1
礼包截图,13,三选一相册礼包（普通）,image485.jpeg,934,1698,full_page_candidate,97.98,149.45,0.254,1868.996,7.0127,65e1964a36175bc97a49cabfb253e2dbb2d41a4863ed009bbfd132761ef4c2a0,69e880a0aaaa8cda,1,礼包截图:13:2,1
礼包截图,13,三选一相册礼包（普通）,image486.jpeg,966,1750,full_page_candidate,83.14,177.465,0.2111,1365.753,5.7283,c4f2284fab632bf80e358b8c5f50edfeb444b32d30c461faacc5000d71b85ba3,f8cc8c922baab28a,1,礼包截图:13:3,1
礼包截图,13,三选一相册礼包（普通）,image487.jpeg,962,1738,overlay_or_dimmed,60.38,61.409,0.6432,657.315,6.1258,c6fcc03e83b09d6075abd8662e46cbc0d056d261c217625d05938bab34999a5e,0ff0d4d4d469619e,1,礼包截图:13:4,1
礼包截图,13,三选一相册礼包（普通）,image488.jpeg,950,1700,overlay_or_dimmed,49.69,30.461,0.8744,396.887,4.126,e3d376677a3b97c755a06f7070a242a1c70369848280b1f593d903a4745c33d9,d424b2f2b3cd2209,1,礼包截图:13:5,1
礼包截图,13,三选一相册礼包（普通）,image489.jpeg,942,1718,overlay_or_dimmed,51.84,39.012,0.8409,444.592,4.4042,e572d3d6865155e79bd353079257960bf9ef4bebd21dd790b60c9c3afe4ef9b8,ccd4d0229125c2c3,1,礼包截图:13:6,1
礼包截图,13,三选一相册礼包（普通）,image490.jpeg,974,1726,overlay_or_dimmed,53.45,42.714,0.7989,499.922,4.6509,55cce2bebb471abf2ed84ca3597a102263252399a677d011b241e343383d69de,ccc4696969697071,1,礼包截图:13:7,1
礼包截图,14,万能相机,image491.jpeg,198,192,thumbnail_or_crop,21.53,138.862,0.014,19.687,6.9506,f7f7b0f3429b5ec1cc1b48e4d4266dc637fb5e926777e4a2e5a9df480c73bc26,6cf3c25959d5dd59,1,礼包截图:14:1,1
礼包截图,14,万能相机,image492.jpeg,974,1730,full_page_candidate,97.73,134.61,0.2752,1646.917,7.1965,9108c740b930bfff0c904280607ec34ef5729869966e7f705d9f981d983f59f9,59a2a0e2e4d88ec8,1,礼包截图:14:2,1
礼包截图,14,万能相机,image493.jpeg,976,1734,overlay_or_dimmed,66.89,103.994,0.554,1015.069,5.4133,c953852137818a91c0355440234ff2245ed094e4d3b0f0f56082b803556c5631,9291e8a68c8621ca,1,礼包截图:14:3,1
礼包截图,14,万能相机,image494.jpeg,966,1738,full_page_candidate,89.34,197.661,0.0838,2250.07,6.3646,b8c7e3d065a1ff5353667dfd9eb73eecbb2b1093308d8079dc8e30c27292207d,e8faaeaeacf2968e,1,礼包截图:14:4,1
礼包截图,14,万能相机,image495.jpeg,968,1730,full_page_candidate,94.56,138.154,0.1867,895.061,5.7506,84b327cf66a9108daffcdca7e28648961c33fbd29fb35a2e818eef91fa8118ca,6be892868e8c840f,1,礼包截图:14:5,1
礼包截图,14,万能相机,image496.jpeg,968,1734,overlay_or_dimmed,58.26,61.861,0.6719,785.314,4.8372,9c60d01f00522e528b1dd6c04450b498ebc6535ccc344ce2c2d16177d6fc2b42,f0d4e8e0e8e96904,1,礼包截图:14:6,1
礼包截图,15,主题礼包,image497.jpeg,188,190,thumbnail_or_crop,24.76,147.095,0.0097,34.371,7.4647,21f3ed023d050d7ef514cb45f5cb2ba2d1496f141eb79c21d828db59050e9d76,68ccaca898e2f08c,1,礼包截图:15:1,1
礼包截图,15,主题礼包,image498.jpeg,972,1748,full_page_candidate,98.46,143.746,0.2599,1498.403,6.8712,8a1deeb9b8546d89ce32bedd94180cd180199524b51b759438f3fff95216ea37,63f29e8ea6a68c8a,1,礼包截图:15:2,1
礼包截图,16,disco礼包,image499.jpeg,158,158,thumbnail_or_crop,21.51,137.629,0.0188,19.642,7.5774,958d33c11977341adbc308cd195ce2ff61ed5422103710f3a822f4e6923f5e72,f9f165618dc2c5a1,1,礼包截图:16:1,1
礼包截图,16,disco礼包,image500.jpeg,790,1732,full_page_candidate,90.72,102.941,0.305,2571.74,7.6414,673caa43ebdda6164e103394e5abca73ca78164c7beb42e20c08f5386f6e6f7a,e8f8f0b2b2aa6870,1,礼包截图:16:2,3
礼包截图,16,disco礼包,image501.jpeg,790,1736,full_page_candidate,90.37,100.68,0.3405,2597.724,7.6196,6e888c5634e0687cf5c79854d98e007df26b8c4c561aedcf7e61e98655715b02,e8f8f0bab2aa68f2,1,礼包截图:16:2,3
礼包截图,16,disco礼包,image502.jpeg,774,1702,overlay_or_dimmed,54.23,45.989,0.7199,624.3,5.8416,01b15d087f2cfb5d7f38c7557452d2b0ec2f31d5296bb816d4814cb3505b4f43,0ef0d4f0f0693329,1,礼包截图:16:4,1
礼包截图,16,disco礼包,image503.jpeg,788,1718,full_page_candidate,90.31,100.498,0.3088,2501.896,7.6471,a739b23c2a6494be996cc8509cd5f9fcc81cd540eeeb7d861fd91c1a01e423a4,e8f8f0bab2aa6972,1,礼包截图:16:2,3
礼包截图,16,disco礼包,image504.jpeg,794,1716,full_page_candidate,90.18,99.041,0.3108,2524.668,7.6455,c95b6f9c633b9a29b95506df3c909ddeb32ecb483e0b2b7289cf039d482f3f1a,c8b8b0bab2aa68f0,1,礼包截图:16:6,1
礼包截图,16,disco礼包,image505.jpeg,772,1730,full_page_candidate,92.92,139.409,0.3867,1481.562,5.9982,c4ba8f3ef7cad8565734b8df9da59c08201171fa5d25d9c04f8af5bf40f8498f,00e8b3b1b8b9e078,1,礼包截图:16:7,1
礼包截图,17,钻石鹅,image506.jpeg,212,216,thumbnail_or_crop,19.25,166.575,0.0062,18.152,6.9108,24c63687f8e76ff63b189381f90a949a7a7906aac05e65e3857298dbecccf949,b8b2a07369cbf6f1,1,礼包截图:17:1,1
礼包截图,17,钻石鹅,image507.jpeg,946,1736,full_page_candidate,93.69,113.639,0.394,1513.289,6.8762,afa0b5ae423e2f9d6b16582b6a81157757f1592a52d03d91237f61ccf553e1b5,71ecccc2b296f930,1,礼包截图:17:2,1
礼包截图,17,钻石鹅,image508.jpeg,964,1738,full_page_candidate,93.91,114.418,0.392,1803.901,6.8881,6c5a6ea65e2aec10b6fe1b8f5af2f04256ad1428add5e6deafb8836a18738721,71e4eeaab286b030,1,礼包截图:17:3,1
礼包截图,17,钻石鹅,image509.jpeg,800,1436,full_page_candidate,83.66,91.445,0.4471,1618.851,6.1192,9f27eadaa6b94e3def65bae9cd5e8e86c2864a31d1e29a56fd135971e5190dda,71ececaab29230f0,1,礼包截图:17:4,1
礼包截图,17,钻石鹅,image510.jpeg,968,1734,full_page_candidate,84.57,217.27,0.0002,1294.729,5.568,457da142a7ea87af3ac9a6b8e2214e4b5580acfb061d808875e59e8d9051aa14,32afcfb080a194d4,1,礼包截图:17:5,1
礼包截图,18,能量鹅,image511.jpeg,224,226,thumbnail_or_crop,20.7,147.331,0.0099,12.455,6.5614,6f742c852c5f3a8f66f0234b9c01d3f7d4091d312d8288171c28cdbce6c865d5,0e78d8e12393e3db,1,礼包截图:18:1,1
礼包截图,18,能量鹅,image512.jpeg,950,1702,full_page_candidate,93.68,112.107,0.3716,1098.023,6.9495,dc198bee4615b3e98852319879105e9cb4ec6e51c9da3c7306a7f622d47e63cf,71cc94f8b086e931,1,礼包截图:18:2,1
礼包截图,18,能量鹅,image513.jpeg,942,1714,full_page_candidate,88.52,93.838,0.4346,1039.932,6.0139,63bb02fb89e6f234c2ed79cb495f812f22fb73c0cc1e55b5078c1e946ed745fb,75d4ccaab292f831,1,礼包截图:18:3,1
礼包截图,19,赛季相册,image514.jpeg,824,1476,full_page_candidate,91.73,127.215,0.3157,1695.394,6.909,e14b89e35cb5e5e116744a3661beb48a3343c7653bd585122ac432250e245980,61e886aa829296e0,1,礼包截图:19:1,1
礼包截图,19,赛季相册,image515.jpeg,836,1478,full_page_candidate,93.49,141.887,0.0026,3469.481,6.5572,bea228f65c06157245f21d323f87f2a456063291e907e17996f354f59f28bc82,a5a3d32291e1969b,1,礼包截图:19:2,1
礼包截图,19,赛季相册,image516.jpeg,806,1438,full_page_candidate,88.47,176.072,0.0738,2643.223,6.6695,43e4b67bafba9d617cff0bb92c53b21d951a27026bd103bf1004f723a75ab683,d49669696969b8e9,1,礼包截图:19:3,1
